ond,avg_daily_searches,nb_days
PAR-YMQ,2711.0,1
PAR-RUN,2545.0,1
PAR-NYC,2292.0,1
PAR-DXB,2218.0,1
PAR-RAK,2154.0,1
PAR-TUN,2149.0,1
PAR-PTP,2126.0,1
PAR-MAD,1971.0,1
PAR-LON,1937.0,1
PAR-FDF,1814.0,1
PAR-ROM,1718.0,1
PAR-IST,1709.0,1
PAR-BKK,1694.0,1
PAR-ALG,1528.0,1
PAR-CUN,1514.0,1
PAR-LIS,1505.0,1
PAR-OPO,1451.0,1
PAR-DKR,1402.0,1
PAR-MIL,1367.0,1
PAR-LAX,1337.0,1
PAR-BCN,1321.0,1
PAR-VCE,1314.0,1
PAR-MIA,1137.0,1
PAR-SFO,1128.0,1
PAR-CAS,1079.0,1
PAR-HKT,1057.0,1
PAR-TLV,1041.0,1
NTE-RAK,1029.0,1
PAR-SJO,941.0,1
PAR-DEL,896.0,1
PAR-TCI,865.0,1
LYS-RAK,862.0,1
SXB-TUN,857.0,1
PAR-SVQ,848.0,1
PAR-AGA,808.0,1
PAR-DPS,772.0,1
PAR-PUJ,766.0,1
PAR-AGP,765.0,1
PAR-BUD,744.0,1
PAR-ZRH,742.0,1
NCE-PAR,725.0,1
PAR-BEY,719.0,1
BSL-IST,713.0,1
PAR-PRG,700.0,1
PAR-CPH,700.0,1
TLS-PAR,695.0,1
PAR-TLS,683.0,1
PAR-TYO,682.0,1
LYS-LON,676.0,1
PAR-ATH,675.0,1
PAR-SAO,666.0,1
MRS-RAK,665.0,1
PAR-VIE,655.0,1
PAR-STO,649.0,1
PAR-AMS,647.0,1
PAR-HEL,630.0,1
PAR-BER,620.0,1
PAR-OUD,617.0,1
PAR-MRU,612.0,1
PAR-ZNZ,604.0,1
PAR-MEX,602.0,1
PAR-AMM,601.0,1
BOD-FUE,595.0,1
PAR-ABJ,591.0,1
PAR-CAI,583.0,1
PAR-NCE,575.0,1
LYS-IST,569.0,1
PAR-WAS,551.0,1
PAR-SXM,550.0,1
PAR-LIM,549.0,1
PAR-DUB,548.0,1
MRS-PAR,547.0,1
PAR-WAW,536.0,1
LYS-TUN,531.0,1
LYS-BCN,529.0,1
PAR-COO,517.0,1
PAR-OSL,513.0,1
PAR-RIO,508.0,1
PAR-PNH,507.0,1
LYS-DXB,505.0,1
PAR-FUE,498.0,1
NCE-DXB,490.0,1
PAR-TNR,486.0,1
MRS-LON,481.0,1
PAR-VLC,458.0,1
PAR-CHI,456.0,1
PAR-NAP,454.0,1
PAR-TNG,450.0,1
PAR-YTO,447.0,1
LYS-NYC,446.0,1
BOD-RAK,443.0,1
PAR-BUH,438.0,1
PAR-BOM,437.0,1
PAR-MAN,435.0,1
MRS-NYC,433.0,1
PAR-EDI,418.0,1
BOD-NYC,415.0,1
PAR-PMO,414.0,1
PAR-DJE,413.0,1
PAR-AJA,408.0,1
TLS-LON,407.0,1
PAR-RBA,405.0,1
NTE-MAD,405.0,1
PAR-SEZ,403.0,1
LYS-DJE,398.0,1
PAR-MLA,397.0,1
PAR-JCN,390.0,1
PAR-BUE,388.0,1
LYS-DKR,387.0,1
BOD-MAD,387.0,1
PAR-REK,386.0,1
LYS-LIS,383.0,1
LYS-AGA,381.0,1
PAR-MOW,380.0,1
LYS-MAD,379.0,1
NCE-IST,379.0,1
MRS-TUN,377.0,1
NTE-CAS,377.0,1
TLS-NYC,374.0,1
PAR-BOS,373.0,1
PAR-MAA,373.0,1
NCE-NYC,372.0,1
PAR-LAS,364.0,1
PAR-LFW,358.0,1
PAR-PPT,353.0,1
NTE-LON,347.0,1
BOD-ROM,344.0,1
NCE-LIS,335.0,1
MRS-IST,331.0,1
NCE-LON,321.0,1
PAR-RAI,321.0,1
PAR-LPA,320.0,1
MRS-LIS,317.0,1
BOD-AGP,317.0,1
NCE-BKK,315.0,1
PAR-MUC,313.0,1
PAR-CAY,311.0,1
PAR-MLE,308.0,1
LYS-OPO,307.0,1
PAR-SCL,306.0,1
PAR-GVA,305.0,1
PAR-MRS,305.0,1
NTE-VCE,300.0,1
MPL-TUN,300.0,1
PAR-KUL,296.0,1
PAR-IEV,294.0,1
PAR-FAO,294.0,1
PAR-CTA,292.0,1
PAR-IBZ,292.0,1
PAR-BOG,291.0,1
NTE-BCN,290.0,1
PAR-TRN,288.0,1
PAR-ATL,286.0,1
PAR-NIM,283.0,1
TLS-DUB,282.0,1
PAR-OUA,282.0,1
MRS-USM,280.0,1
PAR-SYD,280.0,1
LYS-VCE,277.0,1
PAR-JRO,277.0,1
BSL-LON,273.0,1
LYS-BRU,271.0,1
BOD-VCE,271.0,1
PAR-ORL,270.0,1
NCE-BCN,269.0,1
PAR-CMB,269.0,1
PAR-BRU,264.0,1
PAR-ABV,262.0,1
PAR-FEZ,261.0,1
PAR-BLR,260.0,1
PAR-LED,260.0,1
PAR-BKO,259.0,1
PAR-BHX,257.0,1
PAR-BZV,257.0,1
PAR-FLL,256.0,1
NTE-BIA,253.0,1
PAR-TOS,253.0,1
LYS-AMS,250.0,1
TLS-CAS,250.0,1
PAR-FRA,249.0,1
PAR-PMI,249.0,1
LYS-ALG,248.0,1
MRS-DXB,247.0,1
PAR-DLA,246.0,1
LYS-BKK,246.0,1
NTE-AGP,245.0,1
NTE-FSC,243.0,1
NTE-NCE,243.0,1
MRS-ALG,242.0,1
LYS-YMQ,242.0,1
BOD-PRG,242.0,1
TLS-RAK,242.0,1
BIQ-PAR,238.0,1
PAR-SIN,238.0,1
BOD-LON,234.0,1
PAR-DUS,233.0,1
PAR-IND,231.0,1
BOD-SXB,231.0,1
BOD-AMS,231.0,1
PAR-JTR,230.0,1
NTE-PRG,229.0,1
LYS-MIA,229.0,1
BOD-LIS,229.0,1
LYS-PRG,227.0,1
PAR-MCT,225.0,1
PAR-YQB,225.0,1
PAR-MPL,225.0,1
BOD-ACE,222.0,1
PAR-ALC,220.0,1
TLS-LIS,219.0,1
NCE-GVA,219.0,1
PAR-MEL,218.0,1
BOD-OPO,216.0,1
PAR-HAM,214.0,1
NTE-SXB,214.0,1
MRS-BKK,212.0,1
PAR-KRK,212.0,1
PAR-SEA,211.0,1
PAR-FLR,210.0,1
PAR-SHJ,210.0,1
PAR-HAV,209.0,1
NCE-ROM,208.0,1
PAR-JMK,208.0,1
NCE-TUN,207.0,1
PAR-BNE,206.0,1
TLS-MAD,202.0,1
PAR-RDU,202.0,1
PAR-ORN,201.0,1
NCE-HKT,199.0,1
PAR-NBO,199.0,1
PAR-AUH,197.0,1
BOD-BES,193.0,1
PAR-SSA,191.0,1
BOD-CAS,188.0,1
LYS-PTP,187.0,1
LYS-BER,186.0,1
LYS-CAS,186.0,1
NTE-MRS,186.0,1
PAR-MNL,185.0,1
NTE-LIS,184.0,1
PAR-YHZ,184.0,1
TLS-OPO,184.0,1
MRS-DPS,184.0,1
LYS-CZL,181.0,1
MRS-BIA,178.0,1
PAR-HER,178.0,1
MRS-PRG,177.0,1
PAR-HAN,177.0,1
NCE-PMI,176.0,1
NTE-TLS,175.0,1
SXB-NTE,175.0,1
BOD-PAR,175.0,1
BSL-PRN,173.0,1
PAR-JKT,173.0,1
PAR-MSP,172.0,1
PAR-RVN,171.0,1
PAR-ACE,171.0,1
LYS-DUB,169.0,1
MRS-AMS,169.0,1
NTE-LYS,169.0,1
BSL-ROM,168.0,1
MRS-RBA,166.0,1
MRS-SXB,166.0,1
MRS-CAS,166.0,1
BSL-IZM,164.0,1
NCE-MAD,164.0,1
PAR-CWB,162.0,1
BSL-BUD,162.0,1
MRS-CZL,162.0,1
PAR-ZHT,161.0,1
MRS-MAD,161.0,1
AJA-PAR,161.0,1
NTE-PMI,160.0,1
NTE-BER,160.0,1
MPL-NTE,160.0,1
MPL-PAR,159.0,1
PAR-CKY,158.0,1
PAR-SOF,156.0,1
TLS-PMI,156.0,1
LYS-ATH,156.0,1
PAR-TIA,155.0,1
NCE-SJO,154.0,1
TLS-ROM,154.0,1
NCE-FRA,154.0,1
BSL-HRG,154.0,1
BOD-BCN,154.0,1
TLS-GVA,153.0,1
PAR-BEG,153.0,1
TLS-AMS,152.0,1
PAR-CLY,151.0,1
BOD-AGA,150.0,1
PAR-TPA,150.0,1
NTE-GVA,148.0,1
NCE-BUD,148.0,1
PAR-GDN,147.0,1
BOD-PTP,147.0,1
PAR-SDQ,146.0,1
NTE-AMS,145.0,1
PAR-BIA,145.0,1
MRS-RUN,145.0,1
PAR-DOH,145.0,1
NCE-MOW,145.0,1
NCE-NAP,145.0,1
BSL-BCN,144.0,1
BSL-AYT,144.0,1
BSL-VIE,143.0,1
PAR-JNB,143.0,1
PAR-GUA,143.0,1
MRS-PTP,142.0,1
MRS-ROM,142.0,1
PAR-FNA,142.0,1
PAR-FNC,141.0,1
BSL-PRG,141.0,1
LYS-SVQ,141.0,1
NCE-SXB,141.0,1
NTE-MPL,141.0,1
NCE-BRU,140.0,1
NCE-CPH,140.0,1
TLS-PRG,139.0,1
PAR-CZL,139.0,1
LYS-PAR,138.0,1
TLS-BKK,138.0,1
MRS-OPO,138.0,1
PAR-HNL,138.0,1
MRS-HKT,138.0,1
LYS-ROM,137.0,1
PAR-GLA,137.0,1
PAR-CGN,137.0,1
BSL-MAD,137.0,1
MRS-CUN,136.0,1
MRS-VCE,136.0,1
MRS-STO,135.0,1
LYS-BUE,135.0,1
NCE-ZHT,135.0,1
PAR-HOU,135.0,1
RNS-FSC,135.0,1
MRS-VIE,134.0,1
BSL-BKK,134.0,1
BSL-WAW,134.0,1
TLS-NTE,134.0,1
PAR-IZM,134.0,1
PAR-MIR,134.0,1
MPL-LON,133.0,1
PAR-CPT,133.0,1
PAR-TLL,133.0,1
PAR-BLQ,133.0,1
BOD-DUB,133.0,1
PGF-PAR,132.0,1
PAR-BRI,131.0,1
BOD-IST,130.0,1
PAR-GRX,130.0,1
PAR-PTY,130.0,1
BOD-FAO,130.0,1
BOD-MRS,129.0,1
NTE-FRA,129.0,1
NCE-RIO,128.0,1
PAR-MED,128.0,1
PAR-DAR,127.0,1
PAR-RUH,127.0,1
LYS-RUN,127.0,1
MRS-DJE,126.0,1
NCE-AMS,125.0,1
MRS-BCN,125.0,1
NTE-TCI,125.0,1
PAR-BRS,124.0,1
NTE-SFO,124.0,1
LYS-CUN,123.0,1
MRS-TCI,123.0,1
BSL-DXB,123.0,1
BOD-BUD,122.0,1
NTE-ROM,122.0,1
BSL-AGP,122.0,1
LYS-MIL,121.0,1
LYS-HKT,121.0,1
TLS-YMQ,120.0,1
MRS-MIA,120.0,1
LYS-TLV,120.0,1
BES-FSC,120.0,1
LYS-BUD,119.0,1
PAR-DAC,119.0,1
BOD-GVA,119.0,1
PUF-PAR,118.0,1
MRS-NAP,118.0,1
MRS-VLC,118.0,1
PAR-COK,118.0,1
NCE-NTE,117.0,1
LYS-PMI,116.0,1
TLS-CUN,116.0,1
PAR-PSA,116.0,1
LYS-LAS,115.0,1
RNS-AMS,115.0,1
PAR-XRY,115.0,1
MRS-BOD,114.0,1
PAR-FSC,114.0,1
LYS-NTE,114.0,1
NTE-STO,114.0,1
BSL-SOF,113.0,1
TLS-DXB,113.0,1
PAR-SKG,113.0,1
MRS-ACE,112.0,1
PAR-RIX,111.0,1
SXB-NDR,111.0,1
PAR-AUS,111.0,1
BOD-ATH,111.0,1
MRS-MRU,111.0,1
NTE-VIE,110.0,1
PAR-AYT,110.0,1
TLS-IST,110.0,1
PAR-SPU,109.0,1
LYS-YTO,109.0,1
PAR-NUE,108.0,1
MRS-NTE,107.0,1
PAR-GZT,107.0,1
NTE-SVQ,107.0,1
MRS-ZNZ,107.0,1
BOD-KRK,106.0,1
NCE-ZRH,106.0,1
TLS-DKR,106.0,1
NTE-OUA,106.0,1
LYS-AJA,105.0,1
PAR-DZA,105.0,1
NCE-AJA,105.0,1
LYS-YVR,105.0,1
TLS-VCE,104.0,1
TLS-SXB,104.0,1
BOD-MIL,104.0,1
PAR-VIL,103.0,1
NTE-DUB,103.0,1
TLS-BUD,103.0,1
PAR-SCQ,103.0,1
LYS-IEV,102.0,1
LYS-TLS,102.0,1
BOD-TCI,102.0,1
MRS-HEL,102.0,1
BOD-FRA,102.0,1
PAR-DEN,102.0,1
PAR-HRG,101.0,1
TUF-LON,101.0,1
TLS-LAX,101.0,1
TLS-HEL,101.0,1
LYS-ORN,101.0,1
PAR-ISB,101.0,1
BOD-FDF,101.0,1
RNS-SXB,100.0,1
SXB-NCE,100.0,1
PAR-YAO,100.0,1
BOD-LED,100.0,1
PAR-LJU,100.0,1
PAR-BIO,100.0,1
PAR-KTM,100.0,1
PAR-SHA,99.0,1
BOD-TLV,99.0,1
NCE-MIL,99.0,1
NTE-BKK,98.0,1
PAR-BIQ,98.0,1
BSL-BEG,97.0,1
NTE-AJA,97.0,1
LYS-MUC,97.0,1
BSL-PAR,96.0,1
PAR-HYD,96.0,1
PAR-BGO,96.0,1
TLS-FLN,95.0,1
PAR-ALY,95.0,1
LYS-VLC,95.0,1
LYS-BIA,95.0,1
SXB-TLS,95.0,1
MRS-FAO,95.0,1
NCE-PRG,94.0,1
LYS-REK,94.0,1
MRS-FEZ,94.0,1
PAR-LWO,94.0,1
TLS-ORN,94.0,1
PAR-STR,93.0,1
LYS-LAX,93.0,1
BOD-TNG,93.0,1
TLS-MIA,93.0,1
PAR-USM,92.0,1
PAR-LYS,92.0,1
NCE-FAO,92.0,1
PAR-YVR,91.0,1
PAR-TLM,91.0,1
PAR-EVE,91.0,1
NTE-ACE,90.0,1
LYS-FSC,90.0,1
RNS-MRS,90.0,1
MRS-CPH,90.0,1
LYS-AGP,90.0,1
TLS-BSL,90.0,1
NCE-TLV,89.0,1
PAR-ANK,89.0,1
BSL-CAI,89.0,1
BSL-BER,88.0,1
TLS-TRN,87.0,1
PAR-CLT,87.0,1
TLS-VLC,87.0,1
NTE-VLC,87.0,1
NTE-IST,87.0,1
BOD-LYS,86.0,1
NTE-EDI,86.0,1
BSL-SVQ,86.0,1
LYS-PUJ,86.0,1
PAR-KIV,86.0,1
BOD-PMI,85.0,1
BOD-LPA,85.0,1
MRS-ORN,84.0,1
PAR-EAS,84.0,1
PAR-CLJ,83.0,1
LYS-SJO,83.0,1
NCE-WAW,83.0,1
NCE-MIA,83.0,1
TLS-BCN,82.0,1
BSL-TLV,82.0,1
PAR-NAS,82.0,1
BOD-RUN,82.0,1
LIL-TLS,81.0,1
NCE-OPO,81.0,1
NCE-MUC,81.0,1
PAR-NOU,81.0,1
TLS-TCI,81.0,1
LYS-BLQ,81.0,1
PAR-BOD,81.0,1
LYS-IBZ,81.0,1
MRS-BRU,80.0,1
PAR-HAH,80.0,1
PAR-ZAG,80.0,1
BIA-PAR,80.0,1
LYS-MNL,80.0,1
PAR-PDL,80.0,1
MRS-MLA,80.0,1
LYS-HER,80.0,1
PAR-BHZ,80.0,1
PAR-TBS,80.0,1
FSC-NTE,80.0,1
NTE-MAN,80.0,1
LYS-ALC,80.0,1
BES-PAR,79.0,1
PAR-BQC,79.0,1
BSL-LIS,78.0,1
BOD-TUN,78.0,1
LYS-SCL,78.0,1
LYS-MIR,78.0,1
PAR-PAS,78.0,1
MRS-PAS,78.0,1
PAR-GOT,77.0,1
BIA-LYS,77.0,1
LYS-TYO,77.0,1
PAR-MBJ,77.0,1
TLS-RUN,77.0,1
LYS-BOD,77.0,1
BIQ-LYS,77.0,1
BES-BOD,76.0,1
MRS-RNS,76.0,1
MRS-SVQ,76.0,1
TLS-ALC,76.0,1
AJA-LYS,75.0,1
PAR-LCA,75.0,1
NTE-CTA,75.0,1
NCE-IEV,75.0,1
PAR-VNO,75.0,1
TLS-NAP,75.0,1
PAR-RHO,75.0,1
NTE-FDF,75.0,1
MRS-EDI,75.0,1
NCE-TLS,75.0,1
NCE-LAS,75.0,1
PAR-JAX,74.0,1
LYS-BEY,74.0,1
BOD-YMQ,74.0,1
TLS-BER,74.0,1
PAR-SUF,74.0,1
MRS-FDF,73.0,1
PAR-NDJ,73.0,1
LYS-TCI,73.0,1
SXB-RAK,73.0,1
PAR-YYC,73.0,1
NCE-LYS,72.0,1
LYS-SAO,72.0,1
BOD-BER,72.0,1
TLS-LYS,72.0,1
SXB-AJA,71.0,1
BOD-BLQ,71.0,1
NCE-PNH,71.0,1
PAR-CCS,71.0,1
NCE-RIX,71.0,1
BSL-JCN,70.0,1
LYS-WAW,70.0,1
MRS-YMQ,70.0,1
PAR-FIH,70.0,1
MRS-SEZ,70.0,1
PGF-LIS,70.0,1
NTE-ATH,69.0,1
PAR-WRO,69.0,1
BSL-DUB,69.0,1
SXB-MRS,69.0,1
PAR-AKL,69.0,1
NCE-BOD,69.0,1
RNS-LON,69.0,1
MRS-MIL,69.0,1
LYS-SDQ,68.0,1
PAR-SFG,68.0,1
MRS-DUB,68.0,1
LYS-FDF,68.0,1
LYS-TOS,67.0,1
MRS-PMI,67.0,1
TLS-LPA,67.0,1
PAR-DTT,67.0,1
BIA-NTE,67.0,1
MRS-LPA,67.0,1
NTE-MIL,67.0,1
LYS-FUE,67.0,1
LYS-YOW,67.0,1
TLS-AJA,66.0,1
LYS-JTR,66.0,1
NTE-FAO,66.0,1
PAR-NTE,66.0,1
NTE-ALG,66.0,1
NTE-AGA,66.0,1
PAR-SID,66.0,1
BSL-RAK,66.0,1
LYS-MCT,65.0,1
BOD-MAN,65.0,1
BOD-PTY,65.0,1
LIL-MIL,65.0,1
BOD-LIL,64.0,1
TLS-MIL,64.0,1
PAR-DFW,63.0,1
MRS-BUH,63.0,1
TLS-BEY,63.0,1
LYS-CPH,63.0,1
NTE-OPO,63.0,1
BOD-CAI,63.0,1
MRS-BUD,63.0,1
NCE-HKG,63.0,1
MRS-BER,62.0,1
MRS-AJA,62.0,1
BSL-MAN,62.0,1
NCE-KIV,62.0,1
RNS-LYS,62.0,1
LYS-RNS,62.0,1
PAR-KBV,62.0,1
PAR-OZZ,62.0,1
TLS-TUN,61.0,1
MPL-AMS,61.0,1
MRS-MEX,61.0,1
NTE-ALC,61.0,1
NCE-KRK,61.0,1
NCE-FLN,61.0,1
SXB-DTT,61.0,1
BOD-VIE,60.0,1
BSL-OPO,60.0,1
NCE-VIE,60.0,1
NCE-MIR,60.0,1
TLS-TYO,60.0,1
MPL-MUC,60.0,1
LIL-NCE,60.0,1
NCE-LUX,60.0,1
SXB-BOD,59.0,1
PAR-BWI,59.0,1
BOD-BKK,59.0,1
MRS-LAX,59.0,1
LYS-EBB,59.0,1
TLS-SVQ,58.0,1
LYS-CFR,58.0,1
BSL-MPL,57.0,1
BES-LIS,57.0,1
MRS-KRK,57.0,1
PAR-TPE,57.0,1
TLS-BES,57.0,1
NCE-TLL,56.0,1
NTE-YMQ,56.0,1
NTE-TNG,56.0,1
NCE-ATH,56.0,1
TLS-RNS,56.0,1
PAR-MPM,56.0,1
TLS-CHI,56.0,1
TLS-AGA,55.0,1
MRS-REK,55.0,1
PAR-BRE,55.0,1
TLS-SCL,55.0,1
TLS-ZRH,55.0,1
PAR-LLA,55.0,1
PAR-OSA,54.0,1
PAR-BUR,54.0,1
BSL-HAM,54.0,1
BSL-TCI,54.0,1
NTE-NYC,54.0,1
PUF-LYS,54.0,1
NTE-SLP,54.0,1
NCE-DUB,54.0,1
BOD-DXB,54.0,1
RNS-REK,54.0,1
DCM-DUB,54.0,1
PAR-JED,53.0,1
NCE-STO,53.0,1
MRS-ALC,53.0,1
PAR-LOS,53.0,1
BSL-NAP,53.0,1
LYS-KRK,52.0,1
PAR-PUF,52.0,1
LIL-BER,52.0,1
PAR-KGL,52.0,1
MRS-BIO,52.0,1
PAR-BLL,52.0,1
LYS-QSF,52.0,1
PAR-MVD,52.0,1
LIL-RAK,52.0,1
TLS-BIA,52.0,1
BSL-MUC,51.0,1
SXB-LYS,51.0,1
LYS-FRA,51.0,1
LYS-FAO,51.0,1
CFE-BOG,51.0,1
BSL-PTY,51.0,1
LYS-RAI,50.0,1
BOD-SPU,50.0,1
PAR-HKG,50.0,1
NTE-YAO,50.0,1
NTE-RUN,50.0,1
TLS-OSL,50.0,1
LYS-BUH,50.0,1
NTE-NAP,50.0,1
PAR-VAR,50.0,1
TLS-AGP,49.0,1
BOD-SXM,49.0,1
LYS-PHX,49.0,1
PAR-SLL,49.0,1
NCE-RAK,49.0,1
TLS-DUS,49.0,1
NCE-VCE,49.0,1
MPL-RAK,49.0,1
BSL-DBV,49.0,1
BIQ-DUB,48.0,1
NCE-HEL,48.0,1
TLS-ATH,48.0,1
MPL-NYC,48.0,1
MRS-MCT,48.0,1
PAR-SEL,48.0,1
LRH-LON,48.0,1
PAR-SAN,48.0,1
BOD-HAM,48.0,1
BSL-ASR,48.0,1
PAR-MBA,48.0,1
PAR-CTG,48.0,1
NCE-SVQ,48.0,1
NTE-LPA,47.0,1
PAR-MAH,47.0,1
GNO-LON,47.0,1
NTE-GRX,47.0,1
BSL-MIA,47.0,1
PAR-TZX,47.0,1
BSL-LED,47.0,1
LYS-STO,47.0,1
BIQ-LON,47.0,1
TLS-KRK,47.0,1
NCE-CAI,47.0,1
RNS-RUN,47.0,1
LYS-SXB,46.0,1
TLS-LIL,46.0,1
TLS-FRA,46.0,1
FSC-ROM,46.0,1
PAR-BDS,46.0,1
PAR-TAS,46.0,1
PAR-NDR,46.0,1
PAR-CCU,46.0,1
BSL-BOG,45.0,1
PAR-KLX,45.0,1
NCE-DUS,45.0,1
SXB-MAD,45.0,1
NTE-DKR,45.0,1
MRS-GVA,45.0,1
SXB-ALC,45.0,1
RNS-GVA,45.0,1
PAR-FOR,45.0,1
LYS-GRX,45.0,1
NCE-CUN,45.0,1
MRS-SFO,45.0,1
LIL-LIS,45.0,1
MRS-LUX,45.0,1
NTE-TLV,45.0,1
MPL-LIS,45.0,1
PAR-PNA,45.0,1
LYS-ACE,44.0,1
NCE-BUH,44.0,1
SXB-AGP,44.0,1
NCE-REK,44.0,1
PAR-GYE,44.0,1
NCE-ZNZ,44.0,1
NTE-TLL,44.0,1
BSL-AMS,44.0,1
NCE-DKR,43.0,1
BOD-SOF,43.0,1
LYS-ZNZ,43.0,1
NCE-FLR,43.0,1
TLS-BUE,43.0,1
TLS-LIM,43.0,1
LYS-VRN,43.0,1
LIL-OPO,42.0,1
MRS-TLS,42.0,1
LYS-MEX,42.0,1
LYS-YAO,42.0,1
MPL-SJO,42.0,1
PAR-SSH,42.0,1
NTE-FUE,42.0,1
LYS-CFU,42.0,1
NTE-BUD,42.0,1
PAR-CLO,42.0,1
TLS-BLQ,42.0,1
CFR-LYS,42.0,1
PAR-RIC,42.0,1
SXB-BKK,42.0,1
PAR-DSM,42.0,1
LYS-VIE,42.0,1
PAR-SBH,42.0,1
NTE-JTR,41.0,1
BOD-NTE,41.0,1
PAR-CAG,41.0,1
PAR-BEL,41.0,1
PAR-ACC,41.0,1
PAR-LCG,41.0,1
NTE-FNC,41.0,1
NCE-YMQ,41.0,1
MPL-NDR,41.0,1
FSC-LYS,41.0,1
LYS-MOW,41.0,1
BES-LYS,41.0,1
NCE-TYO,41.0,1
LYS-HEL,41.0,1
LIL-NYC,41.0,1
MRS-ATL,41.0,1
NTE-XRY,41.0,1
MRS-OSL,41.0,1
MRS-ATH,41.0,1
SXB-BIA,41.0,1
LYS-GVA,40.0,1
PAR-OVD,40.0,1
PAR-UIO,40.0,1
NCE-RUN,40.0,1
MRS-OZZ,40.0,1
PAR-SJJ,40.0,1
PAR-PGF,40.0,1
BOD-BHX,40.0,1
BSL-TLS,40.0,1
NTE-LIL,40.0,1
LIL-BOD,40.0,1
NCE-OSL,40.0,1
PAR-GOA,40.0,1
PAR-LUX,40.0,1
BOD-NCE,40.0,1
LYS-CPT,40.0,1
BSL-STO,40.0,1
PAR-NKC,40.0,1
MRS-CLY,40.0,1
NCE-STR,40.0,1
NTE-TYO,40.0,1
NCE-FDF,40.0,1
PAR-THR,39.0,1
PAR-KRN,39.0,1
MRS-CAI,39.0,1
TLS-JCN,39.0,1
LYS-ABJ,39.0,1
PAR-LEJ,39.0,1
PAR-POZ,39.0,1
FSC-PAR,39.0,1
NTE-ZRH,39.0,1
TLS-CPH,39.0,1
NCE-JCN,39.0,1
BSL-SHJ,39.0,1
LYS-GOT,39.0,1
NTE-BOD,39.0,1
PAR-LBV,39.0,1
TLS-HAV,39.0,1
NCE-RAI,38.0,1
TLS-GDN,38.0,1
BSL-HER,38.0,1
PAR-OAK,38.0,1
LYS-DPS,38.0,1
LIL-PRG,38.0,1
MRS-FRA,38.0,1
LYS-CLY,38.0,1
BOD-DKR,38.0,1
BOD-SUF,38.0,1
NTE-MOW,38.0,1
PAR-PBG,38.0,1
MRS-CFR,38.0,1
TLS-ETZ,38.0,1
BOD-LAX,37.0,1
PIS-LON,37.0,1
NCE-OSA,37.0,1
NCE-LIL,37.0,1
PAR-GRZ,37.0,1
MRS-SJO,37.0,1
LDE-TCI,37.0,1
LYS-CAY,37.0,1
BOD-NAP,37.0,1
BOD-CAG,37.0,1
NCE-LAX,37.0,1
BSL-MLE,37.0,1
MRS-BSL,37.0,1
LYS-SIN,37.0,1
MRS-BDS,37.0,1
LYS-JMK,37.0,1
PAR-IVL,37.0,1
BES-LPA,37.0,1
MPL-AJA,36.0,1
MRS-BRI,36.0,1
MRS-OUD,36.0,1
BSL-NYC,36.0,1
NTE-BLL,36.0,1
MRS-DKR,36.0,1
TLS-FEZ,36.0,1
BSL-ANK,36.0,1
SXB-AMS,36.0,1
BSL-ALC,36.0,1
TLS-MEL,36.0,1
TLS-INN,36.0,1
MPL-SFO,36.0,1
TLS-MUC,36.0,1
BSL-DIY,36.0,1
TUF-RAK,36.0,1
LYS-PPT,36.0,1
BOD-TBS,36.0,1
PIS-RAK,36.0,1
PAR-GOI,36.0,1
MRS-PFO,36.0,1
MRS-BEY,36.0,1
NCE-SOF,36.0,1
PAR-KTT,36.0,1
PAR-NCL,36.0,1
PAR-ZTH,36.0,1
RNS-BIQ,36.0,1
SXB-YTO,36.0,1
LYS-CAI,35.0,1
NCE-SFO,35.0,1
MRS-TNG,35.0,1
PAR-SAC,35.0,1
BSL-CPH,35.0,1
TLS-BRU,35.0,1
PAR-SYR,35.0,1
TLS-MRS,35.0,1
PAR-POA,35.0,1
MPL-BRU,35.0,1
NCE-RNS,35.0,1
PAR-CEB,35.0,1
FSC-OPO,35.0,1
NCE-DPS,35.0,1
BSL-VLC,35.0,1
MRS-TYO,35.0,1
MRS-TLV,35.0,1
MRS-SAO,35.0,1
LDE-PAR,35.0,1
TLS-FDF,34.0,1
NCE-DJE,34.0,1
RNS-TLS,34.0,1
TLS-HAM,34.0,1
MRS-RIO,34.0,1
PAR-PSP,34.0,1
PAR-MSQ,34.0,1
MRS-CHQ,34.0,1
RNS-NCE,34.0,1
MPL-CAS,34.0,1
PAR-PER,34.0,1
BSL-IEV,34.0,1
BOD-FEZ,34.0,1
LYS-FEZ,34.0,1
CFE-INN,34.0,1
LYS-SSH,34.0,1
CFE-MRU,34.0,1
PAR-PBI,34.0,1
MPL-CLY,34.0,1
BOD-CTA,34.0,1
NTE-MUC,34.0,1
PAR-VXE,34.0,1
CFR-AJA,34.0,1
TLS-TNG,34.0,1
PAR-GDL,34.0,1
TLS-MRU,34.0,1
LYS-SRZ,34.0,1
BSL-GZT,33.0,1
PAR-SLC,33.0,1
BSL-BRU,33.0,1
CFE-OPO,33.0,1
PAR-LHE,33.0,1
BSL-TBS,33.0,1
PAR-PRI,33.0,1
BSL-EDI,33.0,1
BES-MRS,33.0,1
PAR-FMO,33.0,1
TLS-SJO,33.0,1
LIL-DXB,33.0,1
MRS-CLE,33.0,1
BOD-RNS,33.0,1
BVE-OPO,33.0,1
BOD-ZRH,33.0,1
MPL-DXB,33.0,1
LYS-IZM,33.0,1
NCE-WAS,32.0,1
BSL-KIV,32.0,1
PAR-SDR,32.0,1
BOD-BSL,32.0,1
NCE-MRU,32.0,1
NTE-PAR,32.0,1
NTE-REK,32.0,1
NCE-AMM,32.0,1
TLS-MLA,32.0,1
PAR-HAJ,32.0,1
PAR-TRV,32.0,1
SXB-TLV,32.0,1
LYS-GLA,32.0,1
TLS-ACE,32.0,1
RNS-ATH,32.0,1
LYS-BEG,32.0,1
PAR-SXB,32.0,1
BSL-ACE,32.0,1
TLS-RIO,31.0,1
LYS-BNA,31.0,1
NTE-GLA,31.0,1
MRS-NVT,31.0,1
MRS-AUH,31.0,1
PAR-ZAZ,31.0,1
BSL-NBO,31.0,1
PAR-OXB,31.0,1
PAR-CFU,31.0,1
RNS-RAK,31.0,1
TLS-FNC,31.0,1
PAR-ERH,31.0,1
BSL-LCA,31.0,1
PAR-SGN,30.0,1
NCE-AGP,30.0,1
LYS-BOS,30.0,1
TLS-YVR,30.0,1
BOD-BUE,30.0,1
PAR-LEI,30.0,1
BOD-ACC,30.0,1
PAR-SJC,30.0,1
PAR-AUA,30.0,1
MRS-BOM,30.0,1
TLS-NCE,30.0,1
BIA-OPO,30.0,1
PAR-PLZ,30.0,1
PAR-NOS,30.0,1
TUF-RBA,30.0,1
RNS-LIL,29.0,1
MRS-SIN,29.0,1
RNS-MAD,29.0,1
LYS-EDI,29.0,1
BOD-DPS,29.0,1
BOD-BUH,29.0,1
BES-IST,29.0,1
BSL-BDS,29.0,1
NTE-SPU,29.0,1
LYS-MBJ,29.0,1
PAR-KWI,29.0,1
PAR-DNZ,29.0,1
PAR-CMH,29.0,1
PAR-YYT,29.0,1
NTE-BLQ,29.0,1
PAR-CAE,29.0,1
LYS-NAP,29.0,1
MRS-BES,28.0,1
PAR-PDX,28.0,1
LYS-EIN,28.0,1
NTE-SSA,28.0,1
MRS-BUE,28.0,1
LYS-KBL,28.0,1
TLS-SIN,28.0,1
SXB-IST,28.0,1
SXB-OUD,28.0,1
FNI-RAK,28.0,1
PAR-BES,28.0,1
LYS-MSY,28.0,1
MRS-BIQ,28.0,1
BOD-HAV,28.0,1
PAR-CHQ,28.0,1
NCE-BUE,28.0,1
BSL-CFU,28.0,1
PAR-CBR,28.0,1
TLS-VIE,28.0,1
NTE-TUN,28.0,1
PAR-MID,28.0,1
LYS-HAJ,28.0,1
BOD-KYA,28.0,1
SXB-MIL,28.0,1
MRS-AGP,28.0,1
NCE-DFW,28.0,1
NCE-CFR,28.0,1
PAR-MAO,28.0,1
MPL-MAD,28.0,1
PAR-EBL,28.0,1
BOD-PGF,28.0,1
TUF-OPO,28.0,1
SXB-ACE,28.0,1
AJA-SXB,27.0,1
LDE-MLA,27.0,1
PAR-ZAD,27.0,1
MPL-MIL,27.0,1
LIL-LON,27.0,1
LIG-LON,27.0,1
BSL-SDQ,27.0,1
BES-OPO,27.0,1
TLS-ZNZ,27.0,1
SXB-BCN,27.0,1
TLS-PMO,27.0,1
PAR-BOB,27.0,1
NCE-MAN,27.0,1
PAR-BJV,27.0,1
MRS-TNR,27.0,1
PAR-CUR,27.0,1
BOD-OLB,27.0,1
LYS-BIQ,27.0,1
PAR-BSL,27.0,1
PAR-INN,27.0,1
MRS-WRO,27.0,1
MPL-LIL,26.0,1
LYS-OSL,26.0,1
BOD-TYO,26.0,1
NCE-FNC,26.0,1
PAR-DHC,26.0,1
MPL-ALG,26.0,1
BIQ-BRU,26.0,1
MRS-CAY,26.0,1
PAR-CHC,26.0,1
NCE-JNB,26.0,1
BOD-BIA,26.0,1
MPL-PTP,26.0,1
MPL-BER,26.0,1
LYS-BHX,26.0,1
PAR-ULN,26.0,1
BOD-LIM,26.0,1
LYS-MLA,26.0,1
TLS-BHX,26.0,1
LYS-STR,26.0,1
PAR-ABQ,26.0,1
BOD-PNH,26.0,1
BSL-AGA,26.0,1
BSL-FRA,26.0,1
SXB-VIE,26.0,1
TLS-PTP,26.0,1
NTE-ORN,26.0,1
MPL-BOD,26.0,1
CFE-PAR,26.0,1
TLS-LUX,26.0,1
NTE-BUH,26.0,1
PAR-AOI,25.0,1
BSL-CAS,25.0,1
LYS-JRO,25.0,1
PGF-RAK,25.0,1
SXB-DXB,25.0,1
BSL-LJU,25.0,1
LYS-NCE,25.0,1
TLS-CAI,25.0,1
LYS-POZ,25.0,1
LIL-MRS,25.0,1
PAR-DBV,25.0,1
PAR-NDB,25.0,1
MRS-PUJ,25.0,1
BSL-BRI,25.0,1
SXB-CAS,25.0,1
BOD-BRU,25.0,1
MRS-MAA,25.0,1
BSL-SSH,25.0,1
NCE-CAS,25.0,1
LYS-JNB,25.0,1
TLS-FUE,25.0,1
LYS-GDL,25.0,1
NCE-VNO,25.0,1
NCE-HAM,25.0,1
NTE-ABJ,25.0,1
LIL-AJA,25.0,1
NCE-PMO,25.0,1
PAR-SNA,25.0,1
BSL-MOW,25.0,1
RNS-OPO,25.0,1
BIA-MRS,25.0,1
BSL-ATH,25.0,1
BOD-UFA,25.0,1
TLS-DPS,25.0,1
MRS-GLA,25.0,1
LYS-DLA,24.0,1
MRS-SPU,24.0,1
BOD-MOW,24.0,1
NCE-BIA,24.0,1
MRS-JTR,24.0,1
SXB-VLC,24.0,1
MRS-MAN,24.0,1
PAR-LGB,24.0,1
TLS-TOS,24.0,1
NCE-SIN,24.0,1
PAR-BAH,24.0,1
PAR-BFS,24.0,1
NCE-VLC,24.0,1
PAR-MDZ,24.0,1
CFE-LON,24.0,1
MRS-ETZ,24.0,1
BOD-VLC,24.0,1
TLS-SAO,24.0,1
PAR-MSY,24.0,1
NTE-IEV,24.0,1
NCE-BLL,24.0,1
MRS-LYS,24.0,1
SXB-LON,24.0,1
BOD-GLA,24.0,1
PAR-PHL,24.0,1
PAR-BBI,24.0,1
CFR-NCE,24.0,1
PAR-AMD,24.0,1
NCE-SPU,24.0,1
BIQ-MAD,24.0,1
TLS-BOO,24.0,1
NTE-CPH,24.0,1
PUF-ROM,24.0,1
LYS-YEI,24.0,1
MRS-LED,23.0,1
PAR-MDE,23.0,1
SXB-BRU,23.0,1
NTE-BRU,23.0,1
PAR-SFT,23.0,1
CMF-LON,23.0,1
LYS-DUS,23.0,1
LYS-LUX,23.0,1
NTE-BSL,23.0,1
PAR-NGO,23.0,1
MRS-RIX,23.0,1
PAR-SAL,23.0,1
MRS-ZRH,23.0,1
MRS-IEV,23.0,1
PAR-LIL,23.0,1
MRS-BTV,23.0,1
NCE-OGG,23.0,1
MRS-SSA,23.0,1
PAR-MKE,23.0,1
MRS-DUS,23.0,1
MRS-ZAG,23.0,1
PAR-KRT,23.0,1
NCE-LCA,23.0,1
PAR-AVL,23.0,1
PAR-ODS,22.0,1
LIL-GVA,22.0,1
SXB-MPL,22.0,1
MRS-BGO,22.0,1
MPL-PRG,22.0,1
LYS-PRN,22.0,1
PAR-VRN,22.0,1
CLY-PAR,22.0,1
LYS-ABZ,22.0,1
TLS-CPT,22.0,1
BOD-ZHT,22.0,1
NCE-PTP,22.0,1
LYS-DEL,22.0,1
BES-BQC,22.0,1
MRS-LIL,22.0,1
PAR-ULH,22.0,1
NCE-LED,22.0,1
BSL-WRO,22.0,1
BSL-ZAD,22.0,1
TLS-ISB,22.0,1
LYS-TBS,22.0,1
BOD-EDI,22.0,1
LYS-SFO,22.0,1
MRS-WAS,22.0,1
TLS-TBS,22.0,1
TLS-IBZ,21.0,1
BSL-PNA,21.0,1
NTE-HER,21.0,1
PAR-GIB,21.0,1
LYS-JAI,21.0,1
PAR-RZE,21.0,1
RNS-SEZ,21.0,1
PAR-DAB,21.0,1
BIA-BOD,21.0,1
NCE-BOM,21.0,1
TLS-SBH,21.0,1
PAR-CFE,21.0,1
PAR-ECN,21.0,1
MRS-MBJ,21.0,1
TLS-MSY,21.0,1
BOD-DUS,21.0,1
TLS-OLB,21.0,1
MRS-GRB,21.0,1
BOD-OSL,21.0,1
BES-TLS,21.0,1
BOD-FLR,21.0,1
LYS-HAM,21.0,1
PAR-SJU,21.0,1
PAR-TTU,21.0,1
BSL-NCL,21.0,1
MRS-FLR,21.0,1
LYS-ALY,21.0,1
LYS-HRG,21.0,1
BOD-CFR,21.0,1
NCE-CGN,21.0,1
NTE-PUJ,21.0,1
TLS-NKC,21.0,1
NTE-PNH,21.0,1
BSL-RHO,20.0,1
BSL-CKY,20.0,1
PAR-LAD,20.0,1
LYS-PNH,20.0,1
NCE-PUJ,20.0,1
BSL-BGO,20.0,1
BSL-LAX,20.0,1
PUF-MAD,20.0,1
RNS-CPH,20.0,1
NCE-USM,20.0,1
NCE-TCI,20.0,1
SXB-PAR,20.0,1
NCE-ABJ,20.0,1
LIL-ALG,20.0,1
BOD-SYD,20.0,1
PAR-TTE,20.0,1
LYS-ORK,20.0,1
MPL-GVA,20.0,1
PAR-BJS,20.0,1
CFR-MRS,20.0,1
BSL-BLQ,20.0,1
NTE-RNS,20.0,1
PAR-WDH,20.0,1
BSL-MLA,20.0,1
TLS-RBA,20.0,1
LYS-LPA,20.0,1
BIA-NCE,20.0,1
NCE-YOW,20.0,1
LIL-HEL,20.0,1
MRS-FSC,20.0,1
NCE-BES,20.0,1
BOD-DBV,20.0,1
MRS-RHO,20.0,1
BSL-LAS,20.0,1
LYS-SPU,20.0,1
BOD-HEL,20.0,1
PAR-WLG,20.0,1
PAR-DTM,20.0,1
NCE-EDI,20.0,1
NCE-CHI,20.0,1
BSL-ABZ,20.0,1
BOD-FNC,20.0,1
BOD-SJO,20.0,1
LDE-DUB,20.0,1
TLS-REK,20.0,1
TLS-PNH,20.0,1
MRS-ASE,20.0,1
SXB-FEZ,20.0,1
AJA-RUN,19.0,1
BOD-SVQ,19.0,1
BIQ-VCE,19.0,1
BOD-YLW,19.0,1
SXB-ROM,19.0,1
LYS-DEN,19.0,1
BES-YQB,19.0,1
PUF-DUS,19.0,1
MRS-BPS,19.0,1
BOD-STO,19.0,1
SXB-BUH,19.0,1
PAR-PNS,19.0,1
BOD-HKT,19.0,1
MPL-STO,19.0,1
BSL-LPA,19.0,1
LIL-SVQ,19.0,1
NTE-PMO,19.0,1
PAR-LUN,19.0,1
BSL-SKP,19.0,1
BSL-SEZ,19.0,1
LDE-ROM,19.0,1
PUF-FUE,19.0,1
LIL-LYS,19.0,1
LYS-TNG,19.0,1
NCE-PTY,19.0,1
PAR-ATQ,19.0,1
PAR-BAQ,19.0,1
NCE-GOA,19.0,1
MRS-FNC,19.0,1
TLS-JTR,19.0,1
LIL-VCE,19.0,1
MRS-CMH,19.0,1
PAR-GBJ,19.0,1
NCE-GLA,19.0,1
LYS-ZAG,19.0,1
TLS-BSB,19.0,1
PAR-TYS,19.0,1
SXB-LAX,19.0,1
MRS-PNH,19.0,1
SXB-GOA,18.0,1
MPL-BUH,18.0,1
PAR-GRR,18.0,1
PAR-AQJ,18.0,1
TLS-BRS,18.0,1
SXB-NAP,18.0,1
NCE-NBO,18.0,1
PAR-IAS,18.0,1
BSL-PMO,18.0,1
BSL-ADA,18.0,1
CLY-LYS,18.0,1
SXB-FRA,18.0,1
BSL-BEY,18.0,1
CFE-AMS,18.0,1
TLS-SKG,18.0,1
MPL-BRI,18.0,1
PAR-CWL,18.0,1
NTE-MLA,18.0,1
LYS-NOU,18.0,1
PAR-ELP,18.0,1
BSL-BHX,18.0,1
MPL-SXB,18.0,1
MRS-CNQ,18.0,1
LYS-ROV,18.0,1
BES-LUX,18.0,1
MRS-WAW,18.0,1
LYS-FNC,18.0,1
TLS-OSA,18.0,1
RNS-HEL,18.0,1
TLS-OUD,18.0,1
LYS-NUE,18.0,1
LIL-CAS,18.0,1
PAR-BTV,18.0,1
LYS-MST,18.0,1
RNS-HAV,18.0,1
PAR-LDE,18.0,1
BSL-AJA,18.0,1
LIL-VIE,17.0,1
NCE-SHA,17.0,1
LYS-DBV,17.0,1
PAR-KTW,17.0,1
TLS-GOT,17.0,1
SXB-NYC,17.0,1
LYS-AYT,17.0,1
LYS-EUN,17.0,1
BSL-NCE,17.0,1
NCE-DAC,17.0,1
MRS-ABJ,17.0,1
NCE-DEN,17.0,1
LYS-OLB,17.0,1
BSL-KRK,17.0,1
MRS-HKG,17.0,1
PAR-GBE,17.0,1
TLS-LCG,17.0,1
TLS-CAG,17.0,1
RNS-BHX,17.0,1
MRS-MUC,17.0,1
MPL-HEL,17.0,1
MPL-CAY,17.0,1
PAR-EFL,17.0,1
TLS-CGN,17.0,1
TLS-GOA,17.0,1
MRS-MOW,17.0,1
NCE-MCT,17.0,1
NCE-HAN,17.0,1
PAR-ROC,17.0,1
LYS-OVD,17.0,1
BSL-MRU,17.0,1
BSL-SCL,17.0,1
MRS-KUL,17.0,1
LYS-FLL,17.0,1
MPL-IST,17.0,1
TLS-YTO,17.0,1
BSL-PDL,17.0,1
MRS-JNB,17.0,1
BOD-AJA,17.0,1
NCE-BEG,17.0,1
LYS-HAH,17.0,1
NCE-HAV,17.0,1
LYS-BES,17.0,1
MPL-PUJ,17.0,1
TLS-MAH,17.0,1
MPL-DUB,17.0,1
PUF-TUN,17.0,1
MRS-MIR,17.0,1
BSL-YMQ,17.0,1
TLS-SCQ,17.0,1
PAR-ASR,16.0,1
BSL-RJL,16.0,1
BSL-FMY,16.0,1
MPL-BSL,16.0,1
PAR-OKC,16.0,1
LYS-AMM,16.0,1
MPL-BLQ,16.0,1
BOD-CPH,16.0,1
NCE-LPA,16.0,1
LIL-FUE,16.0,1
MPL-DUS,16.0,1
NCE-DBV,16.0,1
LDE-VCE,16.0,1
TLS-EDI,16.0,1
CFR-TLS,16.0,1
BSL-MSP,16.0,1
TLS-SYD,16.0,1
NCE-SSA,16.0,1
BES-FDF,16.0,1
GNO-IST,16.0,1
NTE-OVD,16.0,1
MPL-RNS,16.0,1
PAR-BGW,16.0,1
LYS-OGU,16.0,1
MRS-VNO,16.0,1
TLS-SEZ,16.0,1
RNS-MPL,16.0,1
LYS-MRS,16.0,1
NCE-TNG,16.0,1
MRS-HAM,16.0,1
CFE-TYO,16.0,1
NTE-LUX,16.0,1
BOD-MRU,16.0,1
TLS-BDS,16.0,1
BSL-AUS,16.0,1
MRS-TRN,16.0,1
PAR-BTH,16.0,1
LYS-BGO,16.0,1
TLS-YAO,16.0,1
PAR-TGU,16.0,1
MRS-IVL,16.0,1
LYS-ANC,16.0,1
LDE-AGP,16.0,1
TLS-HKT,16.0,1
NCE-CTA,16.0,1
PAR-SZX,16.0,1
PAR-GMZ,16.0,1
PAR-MGA,16.0,1
PAR-BUF,16.0,1
BSL-YQB,16.0,1
TLS-GLA,16.0,1
RDZ-BKK,16.0,1
MPL-LPA,16.0,1
PAR-TUS,15.0,1
MPL-LUX,15.0,1
LIL-DJE,15.0,1
NTE-RBA,15.0,1
PAR-PAD,15.0,1
PAR-FAE,15.0,1
BES-SJO,15.0,1
NTE-UIO,15.0,1
LYS-MAH,15.0,1
PAR-ZUH,15.0,1
TLS-ECN,15.0,1
NTE-HAM,15.0,1
PAR-PUY,15.0,1
MPL-ROM,15.0,1
MRS-IAS,15.0,1
PAR-RTM,15.0,1
BSL-BUE,15.0,1
MRS-IBZ,15.0,1
BES-BRU,15.0,1
LYS-NAT,15.0,1
PAR-TRD,15.0,1
LYS-LFW,15.0,1
LYS-SKG,15.0,1
TLS-IEV,15.0,1
PAR-FMY,15.0,1
LIL-CPH,15.0,1
LYS-BAH,15.0,1
PAR-ILD,15.0,1
LYS-DOH,15.0,1
TLS-EVE,15.0,1
PAR-LPB,15.0,1
MRS-DTM,15.0,1
PAR-PHX,15.0,1
PAR-SZZ,15.0,1
LIL-RBA,15.0,1
PAR-ARK,15.0,1
NTE-TRN,15.0,1
TLS-DLA,15.0,1
TLS-BRI,15.0,1
LIL-KRK,15.0,1
NCE-KSC,15.0,1
BSL-SJJ,15.0,1
PAR-GGT,15.0,1
SXB-RNS,15.0,1
PAR-CNX,15.0,1
NTE-WRO,15.0,1
NCE-EAS,15.0,1
RNS-PAR,15.0,1
BIQ-TIA,15.0,1
BOD-ALG,15.0,1
MPL-RBA,15.0,1
NCE-JTR,15.0,1
PAR-HTY,15.0,1
TLS-DFW,15.0,1
LYS-BFS,15.0,1
PAR-MLX,15.0,1
LYS-AAE,15.0,1
MRS-SGN,14.0,1
PAR-MCZ,14.0,1
PAR-NAN,14.0,1
PUF-MRU,14.0,1
PAR-GAN,14.0,1
PAR-GEG,14.0,1
LYS-BRI,14.0,1
AVN-MAD,14.0,1
TLS-CAY,14.0,1
NCE-DAR,14.0,1
ETZ-DUB,14.0,1
AJA-CFR,14.0,1
PAR-FDH,14.0,1
LYS-LIL,14.0,1
SXB-GVA,14.0,1
PAR-CSK,14.0,1
MRS-BLL,14.0,1
LYS-ASR,14.0,1
LYS-PUF,14.0,1
BSL-LYS,14.0,1
TLS-NUE,14.0,1
PAR-EIN,14.0,1
TLS-MOW,14.0,1
LYS-VIL,14.0,1
PAR-BJL,14.0,1
PGF-OPO,14.0,1
NCE-BSL,14.0,1
PAR-HOR,14.0,1
NTE-CAI,14.0,1
LIL-PAR,14.0,1
CFE-OKC,14.0,1
LYS-BKO,14.0,1
BSL-CUN,14.0,1
AVN-HAM,14.0,1
LYS-BRS,14.0,1
GNO-RAK,14.0,1
LYS-BOM,14.0,1
NCE-WDH,14.0,1
TLS-VRN,14.0,1
AJA-NTE,14.0,1
MRS-HAH,14.0,1
TLS-COO,14.0,1
MRS-HER,14.0,1
LYS-BOG,14.0,1
BOD-WRO,14.0,1
BSL-OUD,14.0,1
LYS-BIO,14.0,1
TLS-FMO,14.0,1
PAR-TGZ,14.0,1
NCE-ITO,14.0,1
PAR-CAN,14.0,1
BSL-HUY,14.0,1
TLS-SDR,14.0,1
BOD-SFO,14.0,1
MRS-KGL,14.0,1
TUF-CAS,14.0,1
TLS-ALG,14.0,1
BOD-NDR,14.0,1
AJA-TNG,14.0,1
TLS-BJM,14.0,1
BSL-NKC,14.0,1
MRS-EVN,14.0,1
PAR-AER,14.0,1
LYS-PMO,14.0,1
RDZ-PAR,14.0,1
NCE-SCQ,13.0,1
LYS-RIO,13.0,1
MPL-BOS,13.0,1
LYS-THR,13.0,1
LYS-EVN,13.0,1
PAR-ORK,13.0,1
TLS-JNB,13.0,1
NTE-AYT,13.0,1
BIQ-FDF,13.0,1
NTE-DJE,13.0,1
BSL-HTY,13.0,1
RNS-TUN,13.0,1
RNS-CAS,13.0,1
ANE-YAO,13.0,1
RNS-YAO,13.0,1
LYS-CCS,13.0,1
PAR-JUB,13.0,1
SXB-PRG,13.0,1
SXB-YMQ,13.0,1
PUF-SXB,13.0,1
PUF-SJO,13.0,1
LIL-PGF,13.0,1
RNS-ALC,13.0,1
NCE-KOA,13.0,1
PAR-VNX,13.0,1
TLS-TLV,13.0,1
CFE-DXB,13.0,1
GNO-DXB,13.0,1
BSL-DEL,13.0,1
PAR-HFD,13.0,1
BIQ-BER,13.0,1
MRS-HRG,13.0,1
TLS-DEL,13.0,1
LIL-DUS,13.0,1
ETZ-BRU,13.0,1
PIS-BCN,13.0,1
PIS-SOU,13.0,1
SXB-BRI,13.0,1
MPL-RUN,13.0,1
NCE-YTO,13.0,1
MRS-LAS,13.0,1
PAR-TOV,13.0,1
SXB-PTP,13.0,1
BIQ-BCN,13.0,1
FNI-DXB,13.0,1
BIA-AMS,13.0,1
BOD-CLY,13.0,1
SXB-ALG,13.0,1
BSL-KSC,13.0,1
BSL-MRV,13.0,1
PAR-VRA,13.0,1
AVN-DXB,13.0,1
NCE-FRU,13.0,1
MPL-RHO,13.0,1
PAR-KZR,13.0,1
PAR-REC,13.0,1
MRS-BRS,13.0,1
PAR-KHI,13.0,1
BSL-TOS,13.0,1
BES-RHO,13.0,1
BIQ-SVQ,13.0,1
BSL-TGD,13.0,1
PGF-LON,13.0,1
NCE-MBA,13.0,1
TLS-SAN,13.0,1
NTE-GOA,13.0,1
FSC-VNO,13.0,1
MRS-HOU,13.0,1
CFE-NQY,13.0,1
BES-ZNZ,13.0,1
PAR-PIX,13.0,1
LDE-SVQ,13.0,1
MRS-DFW,13.0,1
BIQ-AAL,13.0,1
NCE-AAL,12.0,1
BSL-EAS,12.0,1
NTE-DBV,12.0,1
TLS-SPU,12.0,1
BSL-BUH,12.0,1
LYS-MRU,12.0,1
PAR-FPO,12.0,1
PAR-OGU,12.0,1
SXB-CPH,12.0,1
BES-FRA,12.0,1
PAR-LBA,12.0,1
BOD-OVD,12.0,1
SXB-WAW,12.0,1
BOD-AUH,12.0,1
MRS-ORL,12.0,1
LIL-SEZ,12.0,1
PUF-FNC,12.0,1
MRS-ALY,12.0,1
LYS-TRN,12.0,1
BSL-IAS,12.0,1
NCE-LUN,12.0,1
MRS-SHJ,12.0,1
TLN-PAR,12.0,1
TLS-MGA,12.0,1
CFR-PRG,12.0,1
BOD-BRI,12.0,1
NCE-ALG,12.0,1
BSL-TZX,12.0,1
PAR-IXM,12.0,1
NTE-CAY,12.0,1
RNS-LPA,12.0,1
MRS-BHZ,12.0,1
MRS-GOA,12.0,1
NCE-SUF,12.0,1
MPL-BDS,12.0,1
BSL-USH,12.0,1
NCE-LIM,12.0,1
LYS-BHZ,12.0,1
MPL-YQB,12.0,1
PAR-HAR,12.0,1
MPL-VIE,12.0,1
NTE-STR,12.0,1
BES-ALC,12.0,1
BIQ-PUF,12.0,1
TLS-MAN,12.0,1
LIG-WRO,12.0,1
TLS-MEX,12.0,1
BSL-HEL,12.0,1
PAR-PEW,12.0,1
PAR-GJT,12.0,1
TLS-CTA,12.0,1
BIQ-BKK,12.0,1
RNS-SFO,12.0,1
PAR-RJL,12.0,1
TLS-NGO,12.0,1
PAR-ASU,12.0,1
PAR-TGD,12.0,1
MRS-CMB,12.0,1
NCE-MEX,12.0,1
BOD-PUJ,12.0,1
NCE-ZBF,12.0,1
PAR-HGA,12.0,1
BIA-IOM,12.0,1
PAR-PVD,12.0,1
RNS-LBA,12.0,1
MRS-FBM,12.0,1
NCE-PLQ,12.0,1
NCE-BGW,12.0,1
PUF-NYC,12.0,1
LIL-DUB,12.0,1
PAR-MYR,12.0,1
LIL-AGA,12.0,1
BSL-FNC,12.0,1
MPL-FAE,12.0,1
MRS-AUS,12.0,1
CFE-NTE,12.0,1
PAR-SZG,12.0,1
BSL-BIQ,12.0,1
PAR-ALF,12.0,1
NTE-IBZ,12.0,1
LYS-ARK,12.0,1
PAR-SKP,12.0,1
NCE-BWI,11.0,1
LYS-CFE,11.0,1
BOD-LJU,11.0,1
NCE-BER,11.0,1
LYS-AUH,11.0,1
FSC-KRK,11.0,1
MRS-LCG,11.0,1
PAR-CRK,11.0,1
TLS-SFO,11.0,1
SXB-PMI,11.0,1
PAR-ANU,11.0,1
NTE-LIG,11.0,1
TLS-JMK,11.0,1
PAR-ERC,11.0,1
NTE-RIX,11.0,1
PAR-NAT,11.0,1
MRS-AYT,11.0,1
PAR-MSN,11.0,1
BIQ-ATH,11.0,1
CFE-BFS,11.0,1
NTE-TRS,11.0,1
LYS-SSA,11.0,1
PAR-KYA,11.0,1
MRS-AGA,11.0,1
BOD-ORK,11.0,1
PAR-ROV,11.0,1
BSL-BAK,11.0,1
MRS-UIO,11.0,1
PAR-YBG,11.0,1
BES-MAD,11.0,1
BOD-INV,11.0,1
LYS-CUZ,11.0,1
PAR-SAT,11.0,1
MRS-KIN,11.0,1
NTE-DXB,11.0,1
PAR-MKK,11.0,1
BIQ-MRS,11.0,1
CFE-BER,11.0,1
PAR-PNQ,11.0,1
MRS-CGN,11.0,1
BSL-ATL,11.0,1
PUF-NTE,11.0,1
SXB-EDI,11.0,1
MRS-PUF,11.0,1
NTE-TZX,11.0,1
TLS-LDE,11.0,1
PGF-NTE,11.0,1
NTE-KRK,11.0,1
PAR-ASE,11.0,1
BIA-RUN,11.0,1
TLS-PIS,11.0,1
MRS-LEJ,11.0,1
LIG-MPL,11.0,1
BIA-TLS,11.0,1
BOD-OUD,11.0,1
MRS-BFS,11.0,1
MRS-CHI,11.0,1
PGF-PTP,11.0,1
MRS-SVD,11.0,1
PAR-GYN,11.0,1
BOD-CGN,11.0,1
BIQ-RAK,11.0,1
NCE-TRN,11.0,1
PAR-GCM,11.0,1
MRS-FUE,11.0,1
TLS-ORL,11.0,1
MRS-NCE,11.0,1
MRS-COO,11.0,1
SXB-TLL,11.0,1
PAR-MFM,11.0,1
NCE-THR,11.0,1
LYS-MMA,11.0,1
BVE-BOD,11.0,1
MRS-DEL,11.0,1
MPL-LIG,11.0,1
MPL-HAJ,11.0,1
PAR-TER,11.0,1
PAR-BZE,11.0,1
RDZ-LPA,11.0,1
MRS-PMO,10.0,1
TLS-STR,10.0,1
MPL-AGA,10.0,1
BIQ-MRU,10.0,1
PAR-SKT,10.0,1
BSL-REK,10.0,1
PAR-SRZ,10.0,1
FNI-LON,10.0,1
BSL-PMI,10.0,1
PAR-ZIG,10.0,1
BSL-EIN,10.0,1
NCE-LBA,10.0,1
LYS-UIO,10.0,1
CFR-MPL,10.0,1
BVE-FDF,10.0,1
BSL-HAJ,10.0,1
LYS-LOS,10.0,1
BOD-SSH,10.0,1
CFE-VLC,10.0,1
TLS-FLL,10.0,1
PAR-PRN,10.0,1
BSL-IBZ,10.0,1
BSL-FOR,10.0,1
LIL-HAV,10.0,1
LDE-LPA,10.0,1
TLS-RDU,10.0,1
LDE-LON,10.0,1
BOD-BRS,10.0,1
PAR-KRR,10.0,1
TLS-THR,10.0,1
LIL-MLA,10.0,1
PAR-ZSE,10.0,1
BIQ-FNC,10.0,1
PUF-RAK,10.0,1
MRS-SXM,10.0,1
MRS-GOT,10.0,1
PGF-DXB,10.0,1
LIL-NAP,10.0,1
MRS-BKO,10.0,1
BSL-TYO,10.0,1
PAR-DOM,10.0,1
GNO-OVD,10.0,1
PAR-LPL,10.0,1
LYS-SYD,10.0,1
TLS-AUH,10.0,1
PAR-SPK,10.0,1
PGF-GVA,10.0,1
LYS-SFG,10.0,1
BSL-DOH,10.0,1
PAR-MTY,10.0,1
PAR-TSR,10.0,1
TLS-BIO,10.0,1
PGF-DUB,10.0,1
PAR-DUR,10.0,1
LYS-HAV,10.0,1
PUF-ABZ,10.0,1
MRS-KIV,10.0,1
LIL-AMS,10.0,1
FNI-VCE,10.0,1
RNS-DKR,10.0,1
ETZ-TOS,10.0,1
LYS-RUH,10.0,1
ANE-RAK,10.0,1
RNS-BIO,10.0,1
BIQ-BSL,10.0,1
BSL-TGZ,10.0,1
LYS-IOS,10.0,1
FNI-TRN,10.0,1
BOD-WAW,10.0,1
LIL-JCN,10.0,1
LDE-FLR,10.0,1
MRS-LIM,10.0,1
LYS-RHO,10.0,1
BSL-RAI,10.0,1
TLS-LAS,10.0,1
TLS-GSO,10.0,1
BOD-FLN,10.0,1
PAR-SCE,10.0,1
MRS-VXE,10.0,1
MPL-CFR,10.0,1
NTE-HRL,10.0,1
MRS-SNN,10.0,1
MRS-BLQ,10.0,1
BIQ-LIS,10.0,1
BOD-CHI,10.0,1
LYS-CCP,10.0,1
BIA-STR,10.0,1
PUF-IVL,10.0,1
NTE-LIM,10.0,1
BOD-SOU,10.0,1
LYS-ANU,10.0,1
PAR-DCM,10.0,1
MRS-RAI,9.0,1
LIG-TUN,9.0,1
BSL-BJV,9.0,1
TLS-USM,9.0,1
NCE-BEY,9.0,1
LIL-PMI,9.0,1
LIL-BOM,9.0,1
LYS-MLE,9.0,1
MRS-JKT,9.0,1
AJA-MRS,9.0,1
PAR-OMR,9.0,1
PIS-MRS,9.0,1
NCE-SYD,9.0,1
PGF-DZA,9.0,1
RNS-DUB,9.0,1
BIQ-AMS,9.0,1
LIL-ROM,9.0,1
BSL-KWI,9.0,1
PAR-FLN,9.0,1
NTE-MIR,9.0,1
LYS-XRY,9.0,1
LYS-KWI,9.0,1
PAR-YQY,9.0,1
PAR-LYP,9.0,1
MRS-NUE,9.0,1
AJA-LUX,9.0,1
PAR-GZP,9.0,1
BIA-FLR,9.0,1
TLS-LFW,9.0,1
MRS-MRV,9.0,1
NTE-SKG,9.0,1
BIQ-FRA,9.0,1
PAR-DVO,9.0,1
GNO-MAD,9.0,1
MPL-LYS,9.0,1
BES-DUS,9.0,1
TLS-BKO,9.0,1
BSL-VAS,9.0,1
QXB-MIL,9.0,1
PAR-BPS,9.0,1
PUF-LPA,9.0,1
PUF-TCI,9.0,1
NCE-ALA,9.0,1
BES-PRG,9.0,1
BOD-ABZ,9.0,1
LYS-AUR,9.0,1
PAR-ERI,9.0,1
PAR-COS,9.0,1
PAR-BNA,9.0,1
BSL-STR,9.0,1
GNO-TLV,9.0,1
SXB-ATH,9.0,1
GNO-AGP,9.0,1
LYS-SAN,9.0,1
BSL-NTE,9.0,1
AJA-LIL,9.0,1
PAR-BGF,9.0,1
BOD-LIG,9.0,1
BIA-DKR,9.0,1
SXB-WRO,9.0,1
TUF-DUB,9.0,1
BES-RNS,9.0,1
BSL-CMB,9.0,1
PAR-YQL,9.0,1
LYS-SRQ,9.0,1
NTE-CUN,9.0,1
NTE-PDL,9.0,1
AUR-OPO,9.0,1
NCE-BIO,9.0,1
MRS-VRN,9.0,1
MPL-MRS,9.0,1
MRS-DOH,9.0,1
PAR-ICT,9.0,1
MRS-VTZ,9.0,1
BSL-LBA,9.0,1
BOD-IAS,9.0,1
LYS-WRO,9.0,1
PUF-VER,9.0,1
MPL-MAO,9.0,1
BIA-FOR,9.0,1
BSL-MRS,9.0,1
PAR-BOO,9.0,1
TLS-FKB,8.0,1
AJA-MPL,8.0,1
TLS-CMB,8.0,1
SXB-HAJ,8.0,1
RNS-BOG,8.0,1
NCE-SCV,8.0,1
LIL-NTE,8.0,1
BSL-DNZ,8.0,1
PAR-LXR,8.0,1
PAR-UME,8.0,1
PAR-TLN,8.0,1
NTE-KTW,8.0,1
PGF-MIA,8.0,1
RNS-NQT,8.0,1
LYS-CHI,8.0,1
NTE-CLY,8.0,1
FNI-HEL,8.0,1
BSL-KRR,8.0,1
LIL-TCI,8.0,1
AVN-VRN,8.0,1
LYS-PTY,8.0,1
BOD-LCG,8.0,1
FNI-LAX,8.0,1
AUR-DEL,8.0,1
SXB-ERH,8.0,1
AJA-OPO,8.0,1
PAR-BJM,8.0,1
PAR-VGO,8.0,1
TUF-BCN,8.0,1
PUF-MIL,8.0,1
PUF-GVA,8.0,1
TLS-STO,8.0,1
NTE-ZAG,8.0,1
MPL-VCE,8.0,1
MRS-SCL,8.0,1
NCE-PUQ,8.0,1
NTE-PAS,8.0,1
BOD-MPL,8.0,1
RNS-BSL,8.0,1
LIL-MAD,8.0,1
PAR-MOZ,8.0,1
LYS-AXD,8.0,1
LYS-VGO,8.0,1
ETZ-ALG,8.0,1
BOD-REK,8.0,1
BES-VIE,8.0,1
PAR-EUN,8.0,1
BSL-DJE,8.0,1
BOD-VGO,8.0,1
CMF-TLV,8.0,1
LYS-KUL,8.0,1
BSL-XRY,8.0,1
CFE-NCE,8.0,1
NTE-CHQ,8.0,1
LYS-YQB,8.0,1
MRS-BWI,8.0,1
BES-TNR,8.0,1
BIA-SXB,8.0,1
BSL-CLJ,8.0,1
LYS-USM,8.0,1
BOD-MUC,8.0,1
PAR-MOB,8.0,1
PAR-SHV,8.0,1
PAR-DMM,8.0,1
PAR-MFE,8.0,1
SXB-DCM,8.0,1
TLS-PUJ,8.0,1
PAR-DLC,8.0,1
ETZ-MRS,8.0,1
FNI-MIL,8.0,1
MRS-FLL,8.0,1
AJA-DEN,8.0,1
PUF-MEX,8.0,1
ETZ-PUY,8.0,1
BSL-CTG,8.0,1
BIQ-NAP,8.0,1
LIG-BRU,8.0,1
SXB-UIP,8.0,1
NCE-SID,7.0,1
PAR-MEM,7.0,1
PAR-BSB,7.0,1
PAR-PFO,7.0,1
BIQ-BUH,7.0,1
MRS-PDL,7.0,1
BIQ-CPH,7.0,1
NCE-POZ,7.0,1
BSL-BLR,7.0,1
PAR-PIS,7.0,1
LYS-BLL,7.0,1
BSL-DUS,7.0,1
PAR-TRS,7.0,1
MRS-YVR,7.0,1
LYS-CLJ,7.0,1
LYS-TNR,7.0,1
MRS-SDQ,7.0,1
TUF-AMS,7.0,1
BES-BER,7.0,1
NTE-SJO,7.0,1
PAR-HDY,7.0,1
PAR-JIB,7.0,1
CLY-NTE,7.0,1
GNO-LIS,7.0,1
GNO-BCN,7.0,1
ETZ-RVN,7.0,1
FSC-MIL,7.0,1
NCE-GOT,7.0,1
LYS-ETZ,7.0,1
LYS-AZS,7.0,1
PAR-LIG,7.0,1
NCE-ANR,7.0,1
BSL-MAA,7.0,1
BOD-BIQ,7.0,1
NCE-VRN,7.0,1
FNI-HAM,7.0,1
NCE-YAO,7.0,1
LIG-LYS,7.0,1
MRS-PRN,7.0,1
MPL-BQC,7.0,1
NCE-CKY,7.0,1
RNS-RHO,7.0,1
NCE-EIN,7.0,1
BSL-BON,7.0,1
NTE-BRE,7.0,1
ETZ-NCE,7.0,1
LIG-MRS,7.0,1
PAR-ELU,7.0,1
SXB-LPA,7.0,1
RNS-VCE,7.0,1
BOD-MEX,7.0,1
BIQ-MIL,7.0,1
LYS-BEL,7.0,1
LYS-NAS,7.0,1
LIL-TUN,7.0,1
PAR-OMA,7.0,1
NCE-OUA,7.0,1
NTE-IVL,7.0,1
MRS-SVG,7.0,1
LIL-SPU,7.0,1
CLY-MPL,7.0,1
TLS-TUF,7.0,1
PAR-RRG,7.0,1
LYS-BSL,7.0,1
PAR-LKO,7.0,1
BIQ-PPT,7.0,1
LYS-ERH,7.0,1
TLS-VGO,7.0,1
BOD-ZNZ,7.0,1
MRS-NCL,7.0,1
NCE-FLL,7.0,1
PAR-AAL,7.0,1
GNO-SCL,7.0,1
PUF-BSB,7.0,1
TLS-FAO,7.0,1
BSL-BQC,7.0,1
SXB-BRS,7.0,1
MPL-CGN,7.0,1
LYS-SHJ,7.0,1
NCE-TRD,7.0,1
LIG-LIL,7.0,1
LYS-LIM,7.0,1
TLS-UIO,7.0,1
LYS-MDE,7.0,1
PAR-CZM,7.0,1
BIQ-PRG,7.0,1
BVE-RUN,7.0,1
TLS-WAW,7.0,1
NCE-CLJ,7.0,1
BOD-MLA,7.0,1
LYS-MSR,7.0,1
LYS-BNE,7.0,1
BSL-GDN,7.0,1
PAR-AMQ,7.0,1
PAR-YWG,7.0,1
PAR-CVG,7.0,1
BSL-CWL,7.0,1
MPL-FUE,7.0,1
MRS-RVN,7.0,1
SXB-AOI,7.0,1
LIG-VCE,7.0,1
AVN-MIL,7.0,1
PAR-PSR,7.0,1
PAR-SZF,7.0,1
ANE-TUN,7.0,1
BOD-CAN,7.0,1
TLS-KUL,7.0,1
NCE-ORL,7.0,1
AJA-GVA,7.0,1
LYS-OZZ,7.0,1
PGF-FAO,7.0,1
NTE-BRI,7.0,1
BES-LIL,6.0,1
TLS-BUH,6.0,1
PAR-YOW,6.0,1
TLS-RDZ,6.0,1
GNO-CAI,6.0,1
BSL-COK,6.0,1
FSC-LIS,6.0,1
MRS-SOF,6.0,1
PAR-ALA,6.0,1
NCE-SXM,6.0,1
LYS-SLL,6.0,1
BSL-GLA,6.0,1
NTE-JNB,6.0,1
BOD-HNL,6.0,1
NCE-ETZ,6.0,1
NCE-BLQ,6.0,1
BSL-MNL,6.0,1
BOD-CAY,6.0,1
PAR-SOU,6.0,1
TLS-FOR,6.0,1
SXB-CAI,6.0,1
PAR-ILE,6.0,1
NCE-SSH,6.0,1
SXB-OSA,6.0,1
MRS-CLO,6.0,1
PAR-NAV,6.0,1
BOD-LUX,6.0,1
ETZ-DXB,6.0,1
PAR-GAU,6.0,1
PAR-VGA,6.0,1
LDE-ACE,6.0,1
NTE-MIA,6.0,1
BES-DUB,6.0,1
CFR-TUN,6.0,1
PAR-ADD,6.0,1
MRS-THR,6.0,1
SXB-BLL,6.0,1
LYS-ZRH,6.0,1
PAR-REG,6.0,1
PAR-MHD,6.0,1
PUF-SFO,6.0,1
PAR-BRN,6.0,1
LRH-OSL,6.0,1
MRS-CAG,6.0,1
PAR-BAK,6.0,1
BSL-PWM,6.0,1
BSL-ALG,6.0,1
PGF-LIL,6.0,1
BIQ-NTE,6.0,1
MRS-JNX,6.0,1
LYS-DCM,6.0,1
BSL-PDX,6.0,1
RDZ-WAW,6.0,1
MRS-LBA,6.0,1
BOD-KTW,6.0,1
RNS-MAN,6.0,1
SXB-FNC,6.0,1
PAR-BZG,6.0,1
PAR-YIH,6.0,1
NTE-MEX,6.0,1
BSL-CHQ,6.0,1
LYS-GGT,6.0,1
BSL-RMF,6.0,1
UIP-IST,6.0,1
GNO-IBZ,6.0,1
PAR-ANC,6.0,1
NTE-RAI,6.0,1
NCE-BRI,6.0,1
PAR-STL,6.0,1
NCE-JKT,6.0,1
NTE-PUF,6.0,1
NTE-MAH,6.0,1
TLS-OVD,6.0,1
NCE-DND,6.0,1
PAR-CLE,6.0,1
FNI-LIS,6.0,1
BSL-CHI,6.0,1
LYS-SHE,6.0,1
PAR-FBM,6.0,1
NCE-BHX,6.0,1
NCE-LPL,6.0,1
LRH-LYS,6.0,1
BIQ-OSL,6.0,1
BSL-NUE,6.0,1
PGF-BRU,6.0,1
NCE-MNL,6.0,1
FSC-BES,6.0,1
TLS-WRO,6.0,1
CMF-MAN,6.0,1
PUF-YMQ,6.0,1
SXB-LIS,6.0,1
FSC-LED,6.0,1
PUF-GYN,6.0,1
PUF-CGB,6.0,1
PUF-CGR,6.0,1
MRS-CKY,6.0,1
NTE-RHO,6.0,1
PAR-NBC,6.0,1
LYS-BGW,6.0,1
MRS-RTM,6.0,1
BES-AYT,6.0,1
NTE-BIO,6.0,1
TLS-SOU,6.0,1
SXB-SKG,6.0,1
MRS-BEL,6.0,1
NTE-LUZ,6.0,1
MRS-AAL,6.0,1
PAR-HPN,6.0,1
ETZ-GVA,6.0,1
PAR-GPT,6.0,1
NCE-HAJ,6.0,1
PAR-EVN,6.0,1
SXB-TGD,6.0,1
PAR-SHE,6.0,1
PAR-JAI,6.0,1
CFR-CTA,6.0,1
FNI-BHX,6.0,1
LYS-OSA,6.0,1
MRS-JCN,6.0,1
NCE-LEJ,6.0,1
MRS-CTA,6.0,1
BES-NYC,6.0,1
PAR-YEA,6.0,1
MRS-MEL,6.0,1
TLS-RVN,6.0,1
BSL-THR,6.0,1
MPL-KOI,6.0,1
PAR-ERZ,6.0,1
LYS-DAR,6.0,1
SXB-BSL,6.0,1
LYS-JCN,6.0,1
NCE-CAG,6.0,1
BIA-TNG,6.0,1
LDE-VGO,6.0,1
MPL-MMA,6.0,1
TLS-NOU,6.0,1
BSL-DRS,5.0,1
BES-ROM,5.0,1
NCE-NOU,5.0,1
BSL-DPS,5.0,1
BSL-FLL,5.0,1
LYS-ADA,5.0,1
LDE-FUE,5.0,1
MRS-FIH,5.0,1
BOD-JNB,5.0,1
BSL-TRN,5.0,1
AJA-NDJ,5.0,1
TLS-BUR,5.0,1
TUF-LUX,5.0,1
MPL-FEZ,5.0,1
GNO-MIA,5.0,1
PAR-MGF,5.0,1
LIL-ACC,5.0,1
BOD-YYJ,5.0,1
LRH-LED,5.0,1
MRS-BJL,5.0,1
PAR-NQT,5.0,1
DCM-SXB,5.0,1
PAR-SVX,5.0,1
LIL-BKK,5.0,1
PAR-SJD,5.0,1
BOD-SDQ,5.0,1
BOD-JRO,5.0,1
FNI-VRN,5.0,1
LME-LON,5.0,1
SXB-UIO,5.0,1
BSL-LFW,5.0,1
RNS-NAP,5.0,1
BSL-MBJ,5.0,1
QXB-HAM,5.0,1
NTE-ORK,5.0,1
MRS-CPT,5.0,1
FSC-RNS,5.0,1
TLS-SEL,5.0,1
MRS-LLA,5.0,1
LIL-JTR,5.0,1
BOD-ZAG,5.0,1
MRS-ABZ,5.0,1
NCE-CMB,5.0,1
BSL-GZP,5.0,1
PAR-REN,5.0,1
TLS-BEG,5.0,1
NCE-OLB,5.0,1
PAR-DRS,5.0,1
LYS-CAG,5.0,1
MRS-JRO,5.0,1
LYS-WAS,5.0,1
RNS-BES,5.0,1
BES-VCE,5.0,1
TLS-IND,5.0,1
SXB-MLE,5.0,1
PAR-KLU,5.0,1
BES-LON,5.0,1
LYS-JKT,5.0,1
AJA-STO,5.0,1
BIQ-SLC,5.0,1
NCE-SKP,5.0,1
NTE-CFE,5.0,1
TLS-SDQ,5.0,1
CFE-ALG,5.0,1
PAR-FRU,5.0,1
MRS-HAJ,5.0,1
LYS-NCL,5.0,1
MRS-OVD,5.0,1
NTE-GOT,5.0,1
MRS-MDE,5.0,1
BOD-CMB,5.0,1
QXB-DXB,5.0,1
PAR-BVE,5.0,1
LYS-CGN,5.0,1
MRS-LDE,5.0,1
NCE-AAR,5.0,1
NCE-SCL,5.0,1
NTE-MRU,5.0,1
LRH-BCN,5.0,1
BOD-GRX,5.0,1
BSL-SEA,5.0,1
MRS-EIN,5.0,1
MRS-MVD,5.0,1
PAR-SVG,5.0,1
NTE-SIN,5.0,1
NCE-SVG,5.0,1
NCE-TRS,5.0,1
PAR-LUG,5.0,1
LRH-PAR,5.0,1
BSL-KHI,5.0,1
BOD-CLT,5.0,1
MPL-BLL,5.0,1
PAR-LIH,5.0,1
BSL-ACC,5.0,1
BOD-BIO,5.0,1
MRS-BAQ,5.0,1
FSC-VLC,5.0,1
MPL-YMQ,5.0,1
BOD-MBA,5.0,1
LYS-HKG,5.0,1
PAR-EXT,5.0,1
BOD-BEY,5.0,1
LIL-CAI,5.0,1
BSL-FDH,5.0,1
NTE-FMY,5.0,1
NTE-NUE,5.0,1
SXB-MEX,5.0,1
UIP-PAR,5.0,1
NCE-YQB,5.0,1
LYS-ROC,5.0,1
BIQ-RNS,5.0,1
NTE-EAS,5.0,1
MPL-FDF,5.0,1
MPL-TRN,5.0,1
SXB-FLR,5.0,1
SXB-FDF,5.0,1
MPL-EDI,5.0,1
DCM-NCE,5.0,1
MRS-EBL,5.0,1
LYS-PHL,5.0,1
ETZ-FRA,5.0,1
NTE-PGF,5.0,1
BOD-SEZ,5.0,1
PAR-KIN,5.0,1
BES-UIP,5.0,1
RNS-AJA,5.0,1
BIQ-KRN,5.0,1
LDE-KTW,5.0,1
LYS-GDN,5.0,1
MRS-KWI,5.0,1
BVE-MPL,5.0,1
BIQ-ZRH,5.0,1
PAR-PBZ,5.0,1
BSL-BGI,5.0,1
PAR-LUZ,5.0,1
PUF-ACE,5.0,1
PAR-SVJ,5.0,1
BSL-SXB,5.0,1
RNS-ABJ,5.0,1
NCE-ROV,5.0,1
AJA-TLS,5.0,1
LYS-DRS,5.0,1
FNI-RBA,5.0,1
UIP-RNS,5.0,1
TLS-SXM,5.0,1
BOD-NCL,4.0,1
LYS-RBA,4.0,1
LIL-HKT,4.0,1
BSL-CTA,4.0,1
LIL-BEY,4.0,1
BSL-OVD,4.0,1
TLS-CKY,4.0,1
PAR-MZT,4.0,1
AJA-BOD,4.0,1
CFR-LIL,4.0,1
NTE-FLR,4.0,1
MRS-NKC,4.0,1
SXB-KHI,4.0,1
BSL-USM,4.0,1
BSL-CUZ,4.0,1
LDE-DUS,4.0,1
FNI-NDR,4.0,1
PAR-ACH,4.0,1
LYS-HYD,4.0,1
RNS-BKK,4.0,1
LYS-RTM,4.0,1
MPL-BKK,4.0,1
BSL-LEJ,4.0,1
PUF-LIS,4.0,1
BSL-SFO,4.0,1
MRS-GRX,4.0,1
SXB-PUF,4.0,1
SXB-CPT,4.0,1
BSL-VIL,4.0,1
LYS-IGU,4.0,1
MRS-OUA,4.0,1
PAR-YDF,4.0,1
MPL-HAV,4.0,1
BSL-OSL,4.0,1
BOD-TLS,4.0,1
ETZ-TLS,4.0,1
PAR-CUU,4.0,1
SXB-COO,4.0,1
LIL-SHJ,4.0,1
TLS-MDE,4.0,1
MRS-TTU,4.0,1
AJA-FDF,4.0,1
NCE-LAP,4.0,1
BIQ-BOD,4.0,1
LIL-MNL,4.0,1
PAR-MRV,4.0,1
LYS-BRE,4.0,1
PAR-KHH,4.0,1
TLS-CWL,4.0,1
BES-NOU,4.0,1
PAR-OOL,4.0,1
MPL-MAN,4.0,1
LIL-RNS,4.0,1
BOD-NBO,4.0,1
LYS-MAN,4.0,1
NTE-TRD,4.0,1
TLS-TRD,4.0,1
GNO-TRN,4.0,1
MRS-MLE,4.0,1
BIQ-MUC,4.0,1
BOD-FSC,4.0,1
LIL-HER,4.0,1
LYS-LEJ,4.0,1
MRS-BRE,4.0,1
BOD-BRE,4.0,1
LYS-LED,4.0,1
GNO-GOT,4.0,1
PAR-SLU,4.0,1
TLS-FIH,4.0,1
NTE-BHZ,4.0,1
RNS-BOD,4.0,1
PAR-PNR,4.0,1
MRS-CCS,4.0,1
NCE-ALC,4.0,1
NTE-CZM,4.0,1
LYS-LCA,4.0,1
TLS-TNR,4.0,1
NTE-SDQ,4.0,1
NTE-CFU,4.0,1
NTE-PSA,4.0,1
BSL-PUJ,4.0,1
AVN-ALC,4.0,1
PAR-ADL,4.0,1
NTE-PTP,4.0,1
NCE-BOS,4.0,1
GNO-CPT,4.0,1
PAR-SNN,4.0,1
MRS-MNL,4.0,1
BES-PTP,4.0,1
LYS-SVG,4.0,1
PGF-ROM,4.0,1
NCE-BOG,4.0,1
MRS-SKP,4.0,1
PAR-EDO,4.0,1
BES-CAY,4.0,1
NCE-KRS,4.0,1
MRS-NDR,4.0,1
PUF-MOW,4.0,1
NCE-SAO,4.0,1
LIL-NUE,4.0,1
PAR-IMP,4.0,1
MPL-STR,4.0,1
TLS-LBA,4.0,1
PGF-MRS,4.0,1
GNO-CFU,4.0,1
PAR-PBM,4.0,1
BSL-TIA,4.0,1
BSL-DKR,4.0,1
NTE-LBA,4.0,1
SXB-DJE,4.0,1
MPL-JTR,4.0,1
LYS-EAS,4.0,1
NCE-MRS,4.0,1
MRS-AMM,4.0,1
BSL-BOD,4.0,1
BES-MPL,4.0,1
BSL-PSA,4.0,1
PAR-YXX,4.0,1
NCE-SHJ,4.0,1
LYS-BQC,4.0,1
NCE-LCG,4.0,1
BIQ-NYC,4.0,1
TLS-MTY,4.0,1
NCE-RVN,4.0,1
TLS-FAI,4.0,1
BOD-POZ,4.0,1
BOD-RIO,4.0,1
BSL-FUE,4.0,1
PAR-VLL,4.0,1
LYS-BVC,4.0,1
MPL-SHJ,4.0,1
SXB-BUD,4.0,1
LYS-TRS,4.0,1
RDZ-TLS,4.0,1
MRS-PGF,4.0,1
RNS-BLQ,4.0,1
LYS-YYG,4.0,1
LIL-HRG,4.0,1
LYS-PNQ,4.0,1
NTE-SYD,4.0,1
PAR-BJA,4.0,1
SXB-BLQ,4.0,1
GNO-AMS,4.0,1
BSL-SJO,4.0,1
PAR-VIT,4.0,1
BSL-AZS,4.0,1
MRS-BOG,4.0,1
LYS-LCG,4.0,1
BOD-JKT,4.0,1
LIL-CPT,4.0,1
PAR-PVK,4.0,1
PAR-LHW,4.0,1
TLS-FNI,4.0,1
BOD-SAO,4.0,1
TLS-STT,4.0,1
BIQ-JKT,4.0,1
NCE-SJC,4.0,1
BIQ-ROM,4.0,1
TLS-OUA,4.0,1
NTE-BIQ,4.0,1
GNO-SVQ,4.0,1
BSL-ANU,4.0,1
MRS-YAO,4.0,1
TLS-POZ,4.0,1
PGF-BOD,4.0,1
PAR-KRS,4.0,1
LYS-BZG,4.0,1
NCE-TOS,4.0,1
PAR-SDL,4.0,1
BSL-MIL,4.0,1
SXB-HEL,4.0,1
LIL-YMQ,4.0,1
LIL-ZRH,4.0,1
ETZ-RUN,4.0,1
MPL-PPT,4.0,1
BSL-SZG,4.0,1
TLS-BGO,3.0,1
BSL-TRS,3.0,1
BIQ-MLA,3.0,1
MPL-SVQ,3.0,1
LIL-JMK,3.0,1
PAR-CEI,3.0,1
CFE-JTR,3.0,1
TLS-HKG,3.0,1
NCE-CPT,3.0,1
TLS-AMM,3.0,1
NTE-TPE,3.0,1
LDE-MAN,3.0,1
LIL-ORN,3.0,1
NCE-BNE,3.0,1
TLS-IVL,3.0,1
LYS-LNZ,3.0,1
PAR-AOK,3.0,1
BSL-LWO,3.0,1
PGF-SDQ,3.0,1
LYS-COO,3.0,1
NTE-SJC,3.0,1
LYS-KRR,3.0,1
TUF-TLN,3.0,1
RNS-WAW,3.0,1
NCE-KHV,3.0,1
ANE-TLN,3.0,1
LIL-AGP,3.0,1
NCE-MLE,3.0,1
MRS-ASR,3.0,1
GNO-NYC,3.0,1
BES-MLA,3.0,1
BOD-DAB,3.0,1
PAR-AAE,3.0,1
MRS-DLA,3.0,1
LYS-BGF,3.0,1
SXB-ZNZ,3.0,1
MRS-NAV,3.0,1
ETZ-CTA,3.0,1
BIQ-BHX,3.0,1
BES-REK,3.0,1
MRS-TZX,3.0,1
LRH-VCE,3.0,1
LYS-PSA,3.0,1
LYS-FIH,3.0,1
RNS-AVN,3.0,1
MPL-NAP,3.0,1
MPL-HKT,3.0,1
MPL-KRK,3.0,1
BIQ-LUX,3.0,1
GNO-JRO,3.0,1
BSL-INI,3.0,1
BOD-STR,3.0,1
PUF-PPT,3.0,1
LIL-MST,3.0,1
ANE-CAI,3.0,1
TLS-BRE,3.0,1
BIA-AGP,3.0,1
GNO-SJO,3.0,1
BOD-HAJ,3.0,1
MRS-BGI,3.0,1
LIL-EVN,3.0,1
PUF-LON,3.0,1
LYS-RVN,3.0,1
BIQ-MAN,3.0,1
TLS-TLN,3.0,1
BES-RUN,3.0,1
PAR-MAR,3.0,1
BIQ-SXB,3.0,1
SXB-OSL,3.0,1
LYS-SKP,3.0,1
PAR-PLS,3.0,1
PAR-COR,3.0,1
MLH-HRG,3.0,1
CFE-OSL,3.0,1
PIS-TLS,3.0,1
RNS-PTP,3.0,1
TLS-LIG,3.0,1
PAR-SFA,3.0,1
BSL-AAL,3.0,1
BSL-BRS,3.0,1
NTE-HAV,3.0,1
NTE-SAO,3.0,1
LYS-SJJ,3.0,1
PUF-UIP,3.0,1
MRS-LIG,3.0,1
SXB-HAM,3.0,1
SXB-BER,3.0,1
MRS-KRR,3.0,1
SXB-LAS,3.0,1
MRS-BEG,3.0,1
NCE-AUH,3.0,1
LYS-LWO,3.0,1
LDE-LIS,3.0,1
LIL-SJU,3.0,1
NTE-LCG,3.0,1
AJA-VCE,3.0,1
PAR-DND,3.0,1
BSL-PNH,3.0,1
SXB-LIM,3.0,1
MRS-NOU,3.0,1
LIL-BCN,3.0,1
AUR-IBZ,3.0,1
MRS-BHX,3.0,1
MRS-LCA,3.0,1
BOD-USM,3.0,1
PAR-KGD,3.0,1
ANE-MRU,3.0,1
MRS-TRS,3.0,1
NCE-ZAG,3.0,1
NTE-ANR,3.0,1
MPL-IDR,3.0,1
LIL-BLQ,3.0,1
SXB-MAN,3.0,1
MRS-KTW,3.0,1
LIL-SAO,3.0,1
BIQ-BLQ,3.0,1
MPL-BES,3.0,1
LYS-CKY,3.0,1
NCE-KGS,3.0,1
PAR-RNS,3.0,1
PUF-FRA,3.0,1
NTE-ETZ,3.0,1
LYS-YXX,3.0,1
LIL-CZL,3.0,1
BSL-SKT,3.0,1
FNI-BER,3.0,1
BOD-CLO,3.0,1
BIQ-LIG,3.0,1
TLS-EXT,3.0,1
TLS-NAN,3.0,1
TLS-HAJ,3.0,1
DCM-LON,3.0,1
RNS-BCN,3.0,1
PUF-DUB,3.0,1
LYS-KTW,3.0,1
FSC-SXB,3.0,1
MRS-WDH,3.0,1
BOD-TLL,3.0,1
TUF-TRN,3.0,1
NCE-CCU,3.0,1
MRS-SKG,3.0,1
TLS-SHJ,3.0,1
BSL-FDF,3.0,1
LIL-EDI,3.0,1
TLS-BOM,3.0,1
TLS-DAC,3.0,1
BIQ-BUD,3.0,1
BSL-MLX,3.0,1
LDE-CFR,3.0,1
CLY-ZRH,3.0,1
MRS-PTY,3.0,1
BSL-BLL,3.0,1
FNI-FUE,3.0,1
BIA-NYC,3.0,1
MPL-ZRH,3.0,1
BSL-HKT,3.0,1
SXB-SHJ,3.0,1
PAR-VAA,3.0,1
NCE-LUG,3.0,1
BIA-IEV,3.0,1
MRS-ZHT,3.0,1
TLS-EBB,3.0,1
TLS-BUF,3.0,1
MRS-TBS,3.0,1
PAR-MUB,3.0,1
BES-BUD,3.0,1
FSC-POA,3.0,1
LYS-UAQ,3.0,1
SXB-STO,3.0,1
ETZ-NAP,3.0,1
ETZ-PSR,3.0,1
LYS-NDR,3.0,1
NCE-KUL,3.0,1
BIQ-LAS,3.0,1
LYS-PDX,3.0,1
RNS-MIL,3.0,1
BSL-CZL,3.0,1
SXB-GOT,3.0,1
MPL-CPH,3.0,1
RNS-EDI,3.0,1
BSL-JSH,3.0,1
SXB-TBS,3.0,1
PAR-XMN,3.0,1
PGF-VCE,3.0,1
TLS-ACC,3.0,1
BSL-TPA,3.0,1
NCE-NCL,3.0,1
LYS-GYE,3.0,1
LIL-BQC,3.0,1
LIL-YQB,3.0,1
GNO-VLC,3.0,1
RNS-SEA,3.0,1
BSL-JER,3.0,1
NCE-LIG,3.0,1
BSL-RUN,3.0,1
TLS-TRS,3.0,1
LDE-BRU,3.0,1
TLS-BEL,3.0,1
GNO-ALC,3.0,1
GNO-MIL,3.0,1
BES-MIL,3.0,1
AJA-NCE,3.0,1
MRS-HAV,3.0,1
BOD-RVN,3.0,1
PUF-MSP,3.0,1
LYS-BSB,3.0,1
BOD-GOT,3.0,1
LYS-HOU,3.0,1
GNO-PMI,3.0,1
BSL-AUH,3.0,1
CFE-NAP,3.0,1
NCE-BRE,3.0,1
NCE-DHC,3.0,1
NCE-BUF,3.0,1
BOD-RHO,3.0,1
CFR-MEX,3.0,1
LDE-NAP,3.0,1
NCE-ISB,3.0,1
PUF-LOS,3.0,1
SXB-DUB,3.0,1
BSL-POZ,3.0,1
PAR-DSA,3.0,1
BOD-IEV,3.0,1
MRS-ROC,3.0,1
GNO-ALG,3.0,1
SXB-HAV,3.0,1
NCE-LWO,3.0,1
BOD-LBA,3.0,1
NCE-DRS,3.0,1
BOD-LAS,3.0,1
BIA-ZRH,3.0,1
ANE-ABJ,3.0,1
NCE-UME,3.0,1
MRS-LXS,3.0,1
PIS-VCE,3.0,1
MRS-CJU,3.0,1
MRS-LIR,3.0,1
LYS-TRD,3.0,1
TLS-ZAZ,3.0,1
LYS-PAS,3.0,1
NCE-PIX,3.0,1
NTE-FEZ,3.0,1
BIA-NDR,3.0,1
AVN-MRU,3.0,1
BSL-SAP,3.0,1
MRS-KHI,3.0,1
BOD-RIC,3.0,1
PAR-HMO,2.0,1
MPL-CUN,2.0,1
MRS-GRV,2.0,1
BOD-SID,2.0,1
BOD-RJL,2.0,1
PAR-FAR,2.0,1
LYS-PFO,2.0,1
LYS-SXM,2.0,1
LIL-JSI,2.0,1
LIL-KGS,2.0,1
BOD-HKG,2.0,1
LYS-BWI,2.0,1
PAR-LLW,2.0,1
TLS-LHE,2.0,1
AJA-BUD,2.0,1
BSL-CBR,2.0,1
LDE-MRS,2.0,1
BSL-YYC,2.0,1
BIQ-DUS,2.0,1
ETZ-LIS,2.0,1
BSL-CLO,2.0,1
NCE-UIP,2.0,1
PAR-RDZ,2.0,1
MPL-CLT,2.0,1
BSL-YVR,2.0,1
NCE-JIB,2.0,1
CFE-RUN,2.0,1
LYS-NIM,2.0,1
LYS-MKC,2.0,1
LIL-NCL,2.0,1
LIL-SFO,2.0,1
BOD-RBA,2.0,1
BSL-BES,2.0,1
PAR-AXM,2.0,1
CFE-YVR,2.0,1
PAR-VDE,2.0,1
BIQ-VIE,2.0,1
NCE-LHE,2.0,1
NCE-VGO,2.0,1
NCE-GRZ,2.0,1
LYS-LAD,2.0,1
TLS-HAN,2.0,1
TLS-ANC,2.0,1
MPL-ALC,2.0,1
PAR-BOH,2.0,1
MRS-CVG,2.0,1
ETZ-LYS,2.0,1
BOD-EIN,2.0,1
LYS-RIX,2.0,1
TLS-OMA,2.0,1
CFR-CLY,2.0,1
NCE-POA,2.0,1
LIG-PTP,2.0,1
BIA-PRG,2.0,1
ETZ-BKK,2.0,1
BES-YMQ,2.0,1
BSL-MAH,2.0,1
BOD-ANK,2.0,1
NCE-MAA,2.0,1
LYS-EBL,2.0,1
BSL-MEL,2.0,1
AUR-TYO,2.0,1
BSL-BKI,2.0,1
NCE-CWL,2.0,1
MRS-VTE,2.0,1
TLS-SPC,2.0,1
MRS-SDR,2.0,1
BSL-SKG,2.0,1
MPL-MIA,2.0,1
PAR-RGN,2.0,1
MRS-TPA,2.0,1
BIA-GVA,2.0,1
CMF-DUB,2.0,1
NCE-ADL,2.0,1
BOD-LCA,2.0,1
PUF-BIQ,2.0,1
PAR-TSN,2.0,1
PAR-PSE,2.0,1
RNS-BUD,2.0,1
ETZ-IST,2.0,1
LIL-LIM,2.0,1
MRS-SEL,2.0,1
NTE-IZM,2.0,1
LYS-PGF,2.0,1
TLS-IZM,2.0,1
NCE-GEO,2.0,1
PGF-SXB,2.0,1
SXB-MUC,2.0,1
LIL-WAW,2.0,1
ETZ-NTE,2.0,1
MRS-SAV,2.0,1
LDE-WAW,2.0,1
TLS-SKB,2.0,1
PAR-UGC,2.0,1
LYS-PUS,2.0,1
SXB-BOS,2.0,1
LIL-ABJ,2.0,1
BSL-CHS,2.0,1
BIA-BER,2.0,1
RNS-ROM,2.0,1
GNO-FNC,2.0,1
ETZ-SEZ,2.0,1
SXB-DUS,2.0,1
MPL-NCE,2.0,1
NCE-ALB,2.0,1
CLY-SAO,2.0,1
LYS-BOJ,2.0,1
AJA-MIL,2.0,1
LYS-LIR,2.0,1
BSL-SUF,2.0,1
PAR-MKC,2.0,1
BOD-BEG,2.0,1
RNS-BRS,2.0,1
BIQ-MPL,2.0,1
BOD-VRA,2.0,1
LYS-CJU,2.0,1
BOD-YTO,2.0,1
LYS-CHS,2.0,1
NCE-LJU,2.0,1
PAR-MST,2.0,1
PAR-VLN,2.0,1
LIL-ACE,2.0,1
LYS-PNA,2.0,1
BSL-BGA,2.0,1
PAR-HUY,2.0,1
CFE-MEX,2.0,1
TLS-EIN,2.0,1
SXB-IEV,2.0,1
PGF-HAM,2.0,1
PAR-TIV,2.0,1
BES-ATH,2.0,1
BIQ-EDI,2.0,1
NCE-SJJ,2.0,1
TLS-CEB,2.0,1
BSL-YTO,2.0,1
PAR-NJF,2.0,1
LYS-CHQ,2.0,1
RNS-MRU,2.0,1
PUF-OPO,2.0,1
CLY-MRS,2.0,1
LIG-AMS,2.0,1
LYS-GOA,2.0,1
LYS-JED,2.0,1
PAR-KZN,2.0,1
LIL-CFR,2.0,1
MPL-PTY,2.0,1
CFE-RIX,2.0,1
MRS-BLR,2.0,1
BOD-EAS,2.0,1
MRS-YYC,2.0,1
SXB-POZ,2.0,1
LIG-CAI,2.0,1
ANE-BER,2.0,1
GNO-LAS,2.0,1
LIL-MVD,2.0,1
TLS-LCA,2.0,1
PUF-BLQ,2.0,1
BIQ-PTP,2.0,1
NCE-CZM,2.0,1
NCE-KTM,2.0,1
MRS-NBO,2.0,1
TLS-YXY,2.0,1
LYS-VLL,2.0,1
ETZ-MLE,2.0,1
PGF-DUS,2.0,1
LIL-LPA,2.0,1
SXB-FSC,2.0,1
PAR-CGR,2.0,1
SXB-SFO,2.0,1
NCE-DEL,2.0,1
BIA-LIS,2.0,1
NCE-VRA,2.0,1
MRS-IZM,2.0,1
MRS-POA,2.0,1
NCE-DCM,2.0,1
NCE-MAO,2.0,1
DCM-MRU,2.0,1
BES-MAN,2.0,1
PAR-ESU,2.0,1
GNO-EXT,2.0,1
BSL-SPU,2.0,1
MPL-DKR,2.0,1
LYS-ZAD,2.0,1
LIL-FAO,2.0,1
MPL-OSL,2.0,1
NTE-AUH,2.0,1
MRS-PPT,2.0,1
MPL-WAW,2.0,1
ANE-LPA,2.0,1
ETZ-PTP,2.0,1
LYS-FNA,2.0,1
MRS-LUN,2.0,1
LYS-GZT,2.0,1
NCE-SDQ,2.0,1
MPL-VLC,2.0,1
CFR-FSC,2.0,1
TLS-YEA,2.0,1
BSL-BTV,2.0,1
BSL-BRE,2.0,1
BSL-DHC,2.0,1
LDE-MAD,2.0,1
LRH-MUC,2.0,1
AJA-VIE,2.0,1
SXB-KRK,2.0,1
LYS-SAL,2.0,1
NCE-SPN,2.0,1
LYS-KYA,2.0,1
PAR-AUR,2.0,1
NTE-LOS,2.0,1
GNO-TNG,2.0,1
RNS-SXM,2.0,1
NCE-PBG,2.0,1
NCE-CFU,2.0,1
BSL-BIA,2.0,1
CMF-LBA,2.0,1
BIQ-DBV,2.0,1
PGF-SOU,2.0,1
LYS-OMA,2.0,1
TLS-JKT,2.0,1
PAR-QSR,2.0,1
BSL-CVG,2.0,1
NCE-INN,2.0,1
BSL-RDU,2.0,1
LYS-RMF,2.0,1
GNO-MUC,2.0,1
LYS-SEZ,2.0,1
PAR-PVH,2.0,1
NTE-EBL,2.0,1
FSC-NCE,2.0,1
RNS-WRO,2.0,1
BOD-CHQ,2.0,1
BIA-HAM,2.0,1
LYS-MVD,2.0,1
LYS-GUA,2.0,1
PAR-AAR,2.0,1
NCE-CAY,2.0,1
BES-NCE,2.0,1
TLS-VIL,2.0,1
SXB-ANK,2.0,1
CFE-DUB,2.0,1
NCE-BNA,2.0,1
NCE-CNX,2.0,1
NTE-SCQ,2.0,1
PUF-PTP,2.0,1
MPL-TYO,2.0,1
SXB-HUY,2.0,1
NTE-CGN,2.0,1
DCM-PAR,2.0,1
NCE-SOU,2.0,1
LDE-MIL,2.0,1
NCE-BRS,2.0,1
NCE-ATQ,2.0,1
TLS-WAS,2.0,1
BSL-SRZ,2.0,1
BSL-AUA,2.0,1
BOD-TRN,2.0,1
LYS-STI,2.0,1
RNS-DBV,2.0,1
BIA-LON,2.0,1
BSL-BGW,2.0,1
NCE-DOH,2.0,1
LIL-CKY,2.0,1
NCE-YEA,2.0,1
PAR-UIP,2.0,1
BES-BIA,2.0,1
ANE-CAY,2.0,1
GNO-BUD,2.0,1
BES-MIA,2.0,1
AJA-BSL,2.0,1
BSL-MEX,2.0,1
NTE-EFL,2.0,1
LIL-BOG,2.0,1
MRS-ABE,2.0,1
BVE-PAR,2.0,1
LIG-PAR,2.0,1
AJA-BER,2.0,1
MPL-FRA,2.0,1
MRS-PSA,2.0,1
MRS-BGW,2.0,1
CFR-MAN,2.0,1
PAR-MWZ,2.0,1
BSL-ROV,2.0,1
SXB-ANC,2.0,1
NCE-ICT,2.0,1
MRS-LFW,2.0,1
SXB-CFU,2.0,1
NCE-ASU,2.0,1
FNI-POZ,2.0,1
PAR-PIT,2.0,1
FSC-MRS,2.0,1
NCE-CLY,2.0,1
GNO-VCE,2.0,1
NTE-TBS,2.0,1
ANE-NAP,2.0,1
TLS-BOD,2.0,1
BSL-BFS,2.0,1
LYS-MPM,2.0,1
AUR-LAX,2.0,1
SXB-BHX,2.0,1
BES-BFS,2.0,1
MPL-BIA,2.0,1
RNS-DJE,2.0,1
BOD-CWL,2.0,1
BSL-SPK,2.0,1
LYS-NBO,2.0,1
BES-BSL,2.0,1
NTE-HRG,2.0,1
MRS-KHV,2.0,1
UIP-PTP,2.0,1
GNO-PAR,2.0,1
NCE-OVD,2.0,1
MRS-NIM,2.0,1
BOD-MLE,2.0,1
CLY-LUX,2.0,1
LYS-BAK,2.0,1
RNS-GLO,2.0,1
BSL-TRI,2.0,1
NTE-NCL,2.0,1
MPL-SDQ,2.0,1
FNI-SSA,2.0,1
PAR-EBB,2.0,1
BOD-OUA,2.0,1
GNO-VIE,2.0,1
MPL-MST,2.0,1
RNS-GLA,2.0,1
RNS-PUF,2.0,1
TLS-BRC,2.0,1
TLS-KGS,2.0,1
TLS-PBG,2.0,1
FSC-BOD,2.0,1
PAR-ADA,2.0,1
BSL-SXM,2.0,1
TLS-NCL,2.0,1
MRS-VGO,2.0,1
BES-NUE,2.0,1
NCE-NUE,2.0,1
BSL-QLS,2.0,1
LYS-MAO,2.0,1
AJA-CFE,2.0,1
LYS-PDL,2.0,1
BIA-LIL,2.0,1
PAR-CTU,2.0,1
PAR-SMI,2.0,1
BSL-OGU,2.0,1
LYS-TPE,2.0,1
MRS-WLG,2.0,1
TLS-CFU,2.0,1
TLS-TGD,2.0,1
LYS-ASU,2.0,1
NCE-DSA,2.0,1
MRS-POZ,2.0,1
CFE-GDL,2.0,1
PAR-GNO,2.0,1
BES-CPH,2.0,1
ETZ-ROM,2.0,1
ETZ-MIL,2.0,1
BSL-BOS,2.0,1
BES-PUJ,2.0,1
BOD-CPT,2.0,1
GNO-ZNZ,2.0,1
TLS-RGN,2.0,1
NCE-SEZ,2.0,1
PAR-CJU,2.0,1
PGF-TUN,2.0,1
MRS-DAD,2.0,1
NCE-PUF,2.0,1
BES-MIR,2.0,1
NCE-PEN,2.0,1
BOD-ULN,2.0,1
EGC-LON,2.0,1
MPL-HAM,2.0,1
TLS-ABZ,2.0,1
MPL-PMO,2.0,1
UIP-NCE,2.0,1
SXB-SSH,2.0,1
TLS-SID,2.0,1
TLS-LIR,2.0,1
BSL-LIR,2.0,1
PAR-LIR,2.0,1
LIL-BSL,2.0,1
BOD-LIR,2.0,1
RNS-OSL,2.0,1
ETZ-SVQ,2.0,1
BOD-VIL,2.0,1
NCE-VAF,2.0,1
PAR-WLS,2.0,1
PAR-JIK,2.0,1
NTE-VRN,2.0,1
BSL-MGQ,2.0,1
FSC-FAO,2.0,1
LIL-BIA,2.0,1
PAR-AKX,2.0,1
NCE-MKC,2.0,1
PAR-BGI,2.0,1
NCE-HOU,2.0,1
PAR-FUK,2.0,1
SXB-CTA,2.0,1
BES-ETZ,2.0,1
NTE-VLL,2.0,1
MRS-BOS,2.0,1
PAR-CPE,2.0,1
NCE-LIR,2.0,1
NCE-AUS,2.0,1
NTE-LIR,2.0,1
MRS-ORK,2.0,1
MRS-TUF,2.0,1
NCE-TNR,2.0,1
PGF-MUC,2.0,1
LYS-LPL,2.0,1
BOD-PPT,2.0,1
PUF-BHX,2.0,1
PUF-OSL,2.0,1
NCE-DTM,2.0,1
DCM-BIA,2.0,1
BSL-SAO,2.0,1
BES-YEA,2.0,1
NTE-CFR,2.0,1
NCE-CVG,2.0,1
NTE-PBG,2.0,1
NTE-HAJ,2.0,1
PAR-STI,1.0,1
LIL-RUN,1.0,1
MRS-YTO,1.0,1
LYS-BUR,1.0,1
SXB-AGA,1.0,1
PAR-GGR,1.0,1
PAR-LNK,1.0,1
MRS-YQB,1.0,1
MRS-BQC,1.0,1
LIL-BJL,1.0,1
MRS-OXF,1.0,1
AJA-TCI,1.0,1
SXB-MBJ,1.0,1
PAR-KGS,1.0,1
BSL-JIB,1.0,1
BSL-TLL,1.0,1
PAR-AEY,1.0,1
PAR-EGS,1.0,1
PAR-JSH,1.0,1
DCM-RAK,1.0,1
LYS-LEI,1.0,1
LYS-SEA,1.0,1
BSL-KBV,1.0,1
LDE-WRO,1.0,1
NTE-BLR,1.0,1
NCE-BJL,1.0,1
PAR-SDF,1.0,1
BSL-ADL,1.0,1
PAR-SJP,1.0,1
DCM-DUS,1.0,1
MPL-JNB,1.0,1
TLS-NDR,1.0,1
LME-FLR,1.0,1
LYS-DFW,1.0,1
NTE-FNA,1.0,1
PAR-KUA,1.0,1
PAR-OLB,1.0,1
TLS-MNL,1.0,1
CLY-AGP,1.0,1
BSL-NAS,1.0,1
BSL-TAS,1.0,1
PAR-UBJ,1.0,1
LIL-DPS,1.0,1
MPL-PIS,1.0,1
SXB-TGU,1.0,1
PUF-RNS,1.0,1
TLS-HNL,1.0,1
BSL-CNX,1.0,1
NTE-YXU,1.0,1
NCE-BPS,1.0,1
AVN-BLL,1.0,1
NTE-BPS,1.0,1
LYS-PLS,1.0,1
GNO-PLS,1.0,1
FNI-ALC,1.0,1
TLS-YXX,1.0,1
PAR-CMX,1.0,1
PIS-ROM,1.0,1
PAR-AXA,1.0,1
NTE-EVN,1.0,1
NCE-DAD,1.0,1
NCE-REC,1.0,1
TLN-NYC,1.0,1
PAR-LOP,1.0,1
PAR-TUL,1.0,1
PAR-ETZ,1.0,1
BOD-YVR,1.0,1
BOD-YXX,1.0,1
PAR-OSS,1.0,1
AJA-JTR,1.0,1
BSL-RVN,1.0,1
MRS-OGG,1.0,1
ETZ-CHI,1.0,1
NCE-SPK,1.0,1
RNS-BHZ,1.0,1
ANE-BHZ,1.0,1
PAR-PAP,1.0,1
SXB-LIL,1.0,1
TLS-EAS,1.0,1
BSL-CPT,1.0,1
BIQ-FSC,1.0,1
BOD-RIX,1.0,1
GNO-EDI,1.0,1
BSL-LBV,1.0,1
BOD-XRY,1.0,1
BSL-MGA,1.0,1
AJA-LON,1.0,1
TUF-LIS,1.0,1
PAR-TKU,1.0,1
PGF-PMI,1.0,1
PAR-JSI,1.0,1
LIL-SJO,1.0,1
LYS-MRV,1.0,1
LIL-CUR,1.0,1
LIL-IST,1.0,1
LIL-VAR,1.0,1
LIL-BUD,1.0,1
BIA-BRU,1.0,1
TLS-KBV,1.0,1
BOD-GMZ,1.0,1
LIL-ALY,1.0,1
PAR-INI,1.0,1
MPL-TLV,1.0,1
LDE-BCN,1.0,1
BSL-REG,1.0,1
LIL-MAN,1.0,1
PAR-PAT,1.0,1
PGF-BUH,1.0,1
PAR-AHB,1.0,1
PAR-ALB,1.0,1
LIL-BES,1.0,1
LYS-POM,1.0,1
NCE-BSB,1.0,1
BES-GVA,1.0,1
BOD-VRN,1.0,1
SXB-SVQ,1.0,1
NCE-CNS,1.0,1
TLS-HPN,1.0,1
LYS-POP,1.0,1
BSL-HOU,1.0,1
SXB-BIQ,1.0,1
PAR-YQG,1.0,1
MRS-ANR,1.0,1
PAR-CGO,1.0,1
NTE-NQZ,1.0,1
BSL-LUX,1.0,1
MRS-EAS,1.0,1
NCE-CWB,1.0,1
NTE-MST,1.0,1
RNS-PRG,1.0,1
PAR-ABE,1.0,1
ETZ-TRN,1.0,1
BOD-BGW,1.0,1
NTE-RIO,1.0,1
MPL-MEX,1.0,1
TLS-SGN,1.0,1
BSL-ORL,1.0,1
TLS-YDF,1.0,1
MPL-KRS,1.0,1
GNO-BRS,1.0,1
BSL-RNS,1.0,1
CFR-BOD,1.0,1
PAR-BVC,1.0,1
NTE-YQU,1.0,1
BES-AGA,1.0,1
QXB-BER,1.0,1
AVN-BER,1.0,1
PAR-ZSA,1.0,1
BOD-ALC,1.0,1
RNS-BER,1.0,1
TUF-BOG,1.0,1
BSL-GOI,1.0,1
PAR-BOJ,1.0,1
BIA-PPT,1.0,1
CFE-YMQ,1.0,1
GNO-OSL,1.0,1
CMF-MIL,1.0,1
RNS-FLR,1.0,1
MPL-ZNZ,1.0,1
TLS-MHT,1.0,1
AVN-ORL,1.0,1
LYS-EXT,1.0,1
NCE-GCM,1.0,1
PAR-DYU,1.0,1
NTE-VIT,1.0,1
CMF-EXT,1.0,1
NCE-GRX,1.0,1
CMF-PAR,1.0,1
LIL-MAA,1.0,1
TLS-NAG,1.0,1
NTE-WAS,1.0,1
NTE-BWI,1.0,1
BIQ-LIM,1.0,1
SXB-HOU,1.0,1
MRS-GDN,1.0,1
TLS-POS,1.0,1
NCE-AVP,1.0,1
SXB-BUE,1.0,1
TLN-BRU,1.0,1
NTE-CKY,1.0,1
MRS-RGN,1.0,1
BOD-RUH,1.0,1
TLS-CLY,1.0,1
NCE-CEB,1.0,1
BSL-GRZ,1.0,1
NCE-CHS,1.0,1
BSL-GBE,1.0,1
LYS-GOI,1.0,1
NTE-OZZ,1.0,1
BES-ACE,1.0,1
BIA-STO,1.0,1
RNS-STO,1.0,1
BSL-BJL,1.0,1
PAR-OKA,1.0,1
LIL-AUS,1.0,1
PAR-MZH,1.0,1
PAR-VAS,1.0,1
TLS-GOI,1.0,1
GNO-YVR,1.0,1
MRS-DAR,1.0,1
RNS-VIE,1.0,1
PAR-ANR,1.0,1
PUF-LIL,1.0,1
PAR-YQU,1.0,1
BIQ-LPA,1.0,1
PAR-SLZ,1.0,1
NCE-BUR,1.0,1
LYS-KBV,1.0,1
NTE-FLL,1.0,1
BIQ-AJA,1.0,1
TLS-ADL,1.0,1
BSL-BNA,1.0,1
QXB-LON,1.0,1
TLS-BJS,1.0,1
BIQ-JCN,1.0,1
MRS-BUF,1.0,1
MRS-CEB,1.0,1
PAR-EUG,1.0,1
MLH-DXB,1.0,1
BVE-MIL,1.0,1
MRS-OKA,1.0,1
MRS-SZG,1.0,1
NCE-ASR,1.0,1
LYS-KIV,1.0,1
SXB-LBA,1.0,1
MRS-PAD,1.0,1
MRS-TIA,1.0,1
NTE-BGO,1.0,1
NTE-SJU,1.0,1
NCE-ABV,1.0,1
MRS-YOW,1.0,1
TLS-BWI,1.0,1
CLY-STO,1.0,1
BSL-BEL,1.0,1
RNS-SSA,1.0,1
AUR-PAR,1.0,1
GNO-SKG,1.0,1
TLS-NQT,1.0,1
NTE-DUS,1.0,1
LIL-DOH,1.0,1
LIL-EIN,1.0,1
LIL-BUE,1.0,1
LYS-PWM,1.0,1
LYS-CEI,1.0,1
BIA-CGN,1.0,1
TLS-CFR,1.0,1
TLS-PNR,1.0,1
TLS-BAQ,1.0,1
MPL-OUD,1.0,1
TLS-WLG,1.0,1
PGF-NCE,1.0,1
MRS-XRY,1.0,1
LYS-SOU,1.0,1
BIQ-GVA,1.0,1
TLS-PEN,1.0,1
PIS-RUN,1.0,1
BSL-LHE,1.0,1
BOD-WAS,1.0,1
BOD-BWI,1.0,1
TLS-MFM,1.0,1
NCE-OKA,1.0,1
BIQ-TLN,1.0,1
BSL-SIN,1.0,1
BOD-SHJ,1.0,1
LYS-DAC,1.0,1
NCE-TBS,1.0,1
BSL-ZAG,1.0,1
PAR-SIA,1.0,1
BSL-FSC,1.0,1
TUF-MAD,1.0,1
MRS-HPN,1.0,1
BIQ-FUE,1.0,1
NTE-WAW,1.0,1
MRS-FKB,1.0,1
LYS-SPK,1.0,1
RNS-VLC,1.0,1
BIA-DUS,1.0,1
RNS-IST,1.0,1
GNO-BHZ,1.0,1
PGF-ZRH,1.0,1
GNO-DOH,1.0,1
MRS-DAC,1.0,1
LIL-DEL,1.0,1
MPL-OPO,1.0,1
NCE-PBI,1.0,1
GNO-LPA,1.0,1
PAR-CJB,1.0,1
SXB-JED,1.0,1
PAR-IDR,1.0,1
BSL-KOA,1.0,1
MRS-MYR,1.0,1
CFE-MOW,1.0,1
NCE-ANK,1.0,1
RNS-TYO,1.0,1
PAR-MAJ,1.0,1
ETZ-RNS,1.0,1
BSL-SCQ,1.0,1
NCE-YHZ,1.0,1
LYS-GCM,1.0,1
NTE-HPN,1.0,1
BIA-MPL,1.0,1
PGF-BER,1.0,1
RNS-RBA,1.0,1
MRS-CLJ,1.0,1
CMF-SOU,1.0,1
NCE-ALF,1.0,1
PAR-CID,1.0,1
RNS-CAY,1.0,1
LRT-TLS,1.0,1
ETZ-SKP,1.0,1
LYS-CWL,1.0,1
SXB-DMM,1.0,1
LYS-PBI,1.0,1
PGF-MAD,1.0,1
LIL-FNA,1.0,1
PAR-PUW,1.0,1
RNS-LIS,1.0,1
TLS-CCJ,1.0,1
NTE-BRS,1.0,1
NCE-FEZ,1.0,1
BOD-DTM,1.0,1
BES-TLN,1.0,1
MPL-BIO,1.0,1
PAR-KIJ,1.0,1
PAR-PUS,1.0,1
LYS-BDS,1.0,1
PAR-TJH,1.0,1
LIL-OSL,1.0,1
BIA-MAD,1.0,1
BES-DCM,1.0,1
PAR-IGU,1.0,1
TLS-MLO,1.0,1
MPL-SVD,1.0,1
LIL-TYO,1.0,1
NCE-JUB,1.0,1
PAR-CFR,1.0,1
LDE-LYS,1.0,1
NCE-SGN,1.0,1
PAR-DLH,1.0,1
LYS-VXE,1.0,1
PAR-DJJ,1.0,1
RNS-BRU,1.0,1
TLS-RHO,1.0,1
PAR-GSP,1.0,1
BIA-FRA,1.0,1
SXB-ZHT,1.0,1
BOD-EVN,1.0,1
PUF-NAP,1.0,1
TLS-MLE,1.0,1
BSL-TUN,1.0,1
NCE-KBV,1.0,1
MRS-CNX,1.0,1
MRS-CCJ,1.0,1
LYS-ABV,1.0,1
BOD-HRG,1.0,1
LYS-SHA,1.0,1
PAR-BKI,1.0,1
MPL-AGP,1.0,1
BIA-MIL,1.0,1
TLS-PDX,1.0,1
LYS-TGD,1.0,1
BSL-SOU,1.0,1
LIL-CUN,1.0,1
MRS-PDX,1.0,1
BSL-MLW,1.0,1
RNS-CKY,1.0,1
SXB-BRE,1.0,1
MPL-SJU,1.0,1
LIL-ODS,1.0,1
AJA-BHX,1.0,1
BSL-YFC,1.0,1
BSL-YSJ,1.0,1
PGF-AGA,1.0,1
RNS-ZRH,1.0,1
NCE-TPE,1.0,1
NTE-MBA,1.0,1
BIQ-LIL,1.0,1
LYS-TPA,1.0,1
PAR-POM,1.0,1
SXB-HNL,1.0,1
NCE-BKO,1.0,1
ETZ-FLN,1.0,1
CMF-BKK,1.0,1
NTE-HEL,1.0,1
MRS-SOU,1.0,1
MRS-BZV,1.0,1
LYS-HTY,1.0,1
TLS-FLR,1.0,1
AJA-GOT,1.0,1
LYS-LBA,1.0,1
PAR-REX,1.0,1
BIQ-CLY,1.0,1
BIQ-BIA,1.0,1
PAR-TOE,1.0,1
PAR-SRG,1.0,1
MRS-STI,1.0,1
CFE-BLQ,1.0,1
NCE-HDS,1.0,1
SXB-BIO,1.0,1
TLS-AKL,1.0,1
ETZ-AMS,1.0,1
CFR-BLQ,1.0,1
LIL-ATH,1.0,1
TLN-SXB,1.0,1
PAR-DAD,1.0,1
NTE-PHL,1.0,1
ETZ-LON,1.0,1
BSL-PUS,1.0,1
PUF-MRS,1.0,1
TLS-YQB,1.0,1
TLS-BQC,1.0,1
BSL-TPE,1.0,1
NTE-ATW,1.0,1
TLS-SVG,1.0,1
PUF-NCE,1.0,1
PAR-IZO,1.0,1
PAR-HIJ,1.0,1
PAR-TAK,1.0,1
PAR-FKS,1.0,1
CLY-OPO,1.0,1
TLS-FAE,1.0,1
MPL-FLR,1.0,1
BIA-BUH,1.0,1
BSL-FKB,1.0,1
NCE-BGO,1.0,1
BSL-HYD,1.0,1
NCE-KSU,1.0,1
TLS-MVD,1.0,1
TLS-MBA,1.0,1
BIQ-OPO,1.0,1
LIL-MPM,1.0,1
SXB-BOG,1.0,1
MRS-UIP,1.0,1
BOD-ETZ,1.0,1
GNO-NAT,1.0,1
MRS-ATW,1.0,1
BSL-CAG,1.0,1
PAR-HRK,1.0,1
BOD-INC,1.0,1
ETZ-YMQ,1.0,1
BSL-SZF,1.0,1
UIP-FDF,1.0,1
BOD-CUN,1.0,1
ETZ-MLA,1.0,1
BSL-SYR,1.0,1
PAR-LEU,1.0,1
PGF-AMS,1.0,1
MRS-MPL,1.0,1
VAF-NCE,1.0,1
NCE-FUE,1.0,1
LYS-ORL,1.0,1
NTE-BHX,1.0,1
NCE-BZV,1.0,1
PAR-YGJ,1.0,1
NCE-GSO,1.0,1
LYS-SPC,1.0,1
PAR-DAX,1.0,1
AUR-RDU,1.0,1
LIL-CLY,1.0,1
AJA-AGP,1.0,1
BSL-VVO,1.0,1
PAR-CKG,1.0,1
NTE-PNA,1.0,1
BSL-BSB,1.0,1
PAR-HRL,1.0,1
CMF-DUS,1.0,1
BES-WAW,1.0,1
BSL-BOM,1.0,1
BSL-GUA,1.0,1
NCE-BDS,1.0,1
PAR-EUX,1.0,1
NCE-TER,1.0,1
BSL-EVN,1.0,1
DCM-RUN,1.0,1
BIA-LUX,1.0,1
SXB-TCI,1.0,1
BIQ-STO,1.0,1
TLS-CLO,1.0,1
PUF-MAN,1.0,1
RNS-FDF,1.0,1
LYS-LIG,1.0,1
BSL-GOT,1.0,1
BIQ-ALC,1.0,1
BOD-BLL,1.0,1
NTE-GRZ,1.0,1
MPL-BHX,1.0,1
ETZ-BES,1.0,1
TLN-MUC,1.0,1
LYS-DHC,1.0,1
BIQ-TRN,1.0,1
NCE-WRO,1.0,1
GNO-HRE,1.0,1
LYS-HRE,1.0,1
BVE-LON,1.0,1
PAR-NWI,1.0,1
TLS-BLR,1.0,1
BIA-MUC,1.0,1
MRS-PBI,1.0,1
MRS-SSH,1.0,1
BIA-WAW,1.0,1
LYS-TRV,1.0,1
GNO-TRV,1.0,1
BOD-PSA,1.0,1
PAR-AGS,1.0,1
BES-CWL,1.0,1
CFE-LYS,1.0,1
PGF-MIL,1.0,1
TLS-BDU,1.0,1
BOD-HER,1.0,1
TLS-DJE,1.0,1
DCM-DJE,1.0,1
MPL-MRU,1.0,1
FNI-MRU,1.0,1
BOD-PMO,1.0,1
BOD-AZS,1.0,1
SXB-BEG,1.0,1
CFE-LUX,1.0,1
BSL-OHD,1.0,1
SXB-TYO,1.0,1
MRS-LNZ,1.0,1
BSL-KLU,1.0,1
SXB-TOS,1.0,1
TLS-VTE,1.0,1
PIS-LYS,1.0,1
BSL-JKT,1.0,1
LYS-CBG,1.0,1
MRS-DZA,1.0,1
GNO-YOW,1.0,1
LIL-FDF,1.0,1
BIQ-FLR,1.0,1
LYS-CRK,1.0,1
SXB-BDS,1.0,1
PAR-SCV,1.0,1
LYS-RGN,1.0,1
MRS-GZT,1.0,1
NCE-MSY,1.0,1
MRS-LOS,1.0,1
PAR-AXD,1.0,1
LIL-WAS,1.0,1
RNS-FRA,1.0,1
PAR-IWK,1.0,1
PAR-ASM,1.0,1
TLS-SJJ,1.0,1
LIL-FSC,1.0,1
GNO-GRX,1.0,1
MPL-EIN,1.0,1
MPL-LCA,1.0,1
BIA-DCM,1.0,1
NTE-VGO,1.0,1
FSC-BRU,1.0,1
BSL-CEB,1.0,1
LIG-CWL,1.0,1
PAR-TIJ,1.0,1
PAR-CGB,1.0,1
NCE-FNA,1.0,1
MRS-SFG,1.0,1
BSL-LIM,1.0,1
PAR-BHM,1.0,1
ANE-MOW,1.0,1
RNS-MOW,1.0,1
LIL-CHQ,1.0,1
LIL-EBB,1.0,1
LYS-SID,1.0,1
AVN-HEL,1.0,1
PAR-ABY,1.0,1
CMF-AMS,1.0,1
BSL-DAC,1.0,1
PAR-EZS,1.0,1
NTE-BEL,1.0,1
GNO-ACE,1.0,1
TUF-VIX,1.0,1
LIL-KGL,1.0,1
NTE-OAK,1.0,1
BSL-ANR,1.0,1
PAR-SAP,1.0,1
MRS-MSN,1.0,1
BOD-PVR,1.0,1
NTE-POZ,1.0,1
SXB-CWL,1.0,1
CFE-TUN,1.0,1
PAR-JOG,1.0,1
NTE-PEW,1.0,1
CFR-AMS,1.0,1
NCE-ORN,1.0,1
RNS-TRN,1.0,1
TLS-JSI,1.0,1
LYS-DAD,1.0,1
TLS-IXM,1.0,1
BSL-LLW,1.0,1
LYS-WUH,1.0,1
VAF-LON,1.0,1
NCE-BQC,1.0,1
TLS-MBJ,1.0,1
NCE-MFM,1.0,1
NTE-OMA,1.0,1
LYS-FMO,1.0,1
NCE-RHO,1.0,1
CLY-DUS,1.0,1
NTE-CUZ,1.0,1
PAR-ERF,1.0,1
GNO-BRU,1.0,1
BIA-VIE,1.0,1
NTE-REC,1.0,1
LYS-DLM,1.0,1
MRS-ECN,1.0,1
